district_id,district,region,ecological_zone,spatial_unit,incidence,parasitemia,itn_coverage,water_access,sanitation,u5mr,mort_rate,pop_density,high_burden,bv_lisa_quadrant,gi_z_score,gi_classification,xgb_risk_score,xgb_risk_tier,data_source_incidence,data_source_parasitemia,data_source_itn,data_source_wash,data_source_u5mr,analysis_year,version
1,ADENTA MUNICIPAL,GREATER ACCRA,Coastal/Urban,260-district (Ghana 2019-2020 administrative),70.4,11.0,60.3,98.0,76.7,54.5,16.4,274.2,0,NS,-4.332,Coldspot (99%),0.0454,Very Low,WHO GHO / DHIMS2 2018-2022,Ghana DHS 2014 (spatially disaggregated),Ghana DHS 2014 (spatially disaggregated),Ghana DHS 2014 / JMP,Ghana DHS 2014 / Census 2021,2022,v1.0 | April 2026
2,LEDZOKUKU MUNICIPAL,GREATER ACCRA,Coastal/Urban,260-district (Ghana 2019-2020 administrative),59.9,15.1,51.4,87.6,80.0,30.0,6.5,94.6,0,LL,-4.635,Coldspot (99%),0.0706,Very Low,WHO GHO / DHIMS2 2018-2022,Ghana DHS 2014 (spatially disaggregated),Ghana DHS 2014 (spatially disaggregated),Ghana DHS 2014 / JMP,Ghana DHS 2014 / Census 2021,2022,v1.0 | April 2026
3,CHEREPONI,NORTHERN EAST,Guinea/Sudan Savannah,260-district (Ghana 2019-2020 administrative),246.5,60.0,22.9,51.6,48.1,129.6,49.2,47.5,1,NS,5.216,Priority-1 Hotspot (99.9%),0.8749,Very High,WHO GHO / DHIMS2 2018-2022,Ghana DHS 2014 (spatially disaggregated),Ghana DHS 2014 (spatially disaggregated),Ghana DHS 2014 / JMP,Ghana DHS 2014 / Census 2021,2022,v1.0 | April 2026
4,WA EAST,UPPER WEST,Guinea/Sudan Savannah,260-district (Ghana 2019-2020 administrative),258.7,63.0,14.9,56.9,26.2,144.6,47.7,653.2,1,HH,5.009,Priority-1 Hotspot (99.9%),0.9879,Very High,WHO GHO / DHIMS2 2018-2022,Ghana DHS 2014 (spatially disaggregated),Ghana DHS 2014 (spatially disaggregated),Ghana DHS 2014 / JMP,Ghana DHS 2014 / Census 2021,2022,v1.0 | April 2026
5,WA MUNICIPAL,UPPER WEST,Guinea/Sudan Savannah,260-district (Ghana 2019-2020 administrative),274.6,56.0,30.7,47.3,31.9,119.6,45.5,173.7,1,HH,5.1,Priority-1 Hotspot (99.9%),0.8435,Very High,WHO GHO / DHIMS2 2018-2022,Ghana DHS 2014 (spatially disaggregated),Ghana DHS 2014 (spatially disaggregated),Ghana DHS 2014 / JMP,Ghana DHS 2014 / Census 2021,2022,v1.0 | April 2026
6,SABOBA,NORTHERN,Guinea/Sudan Savannah,260-district (Ghana 2019-2020 administrative),304.9,61.6,27.8,56.5,24.9,127.2,49.9,345.7,1,HH,5.447,Priority-1 Hotspot (99.9%),0.8918,Very High,WHO GHO / DHIMS2 2018-2022,Ghana DHS 2014 (spatially disaggregated),Ghana DHS 2014 (spatially disaggregated),Ghana DHS 2014 / JMP,Ghana DHS 2014 / Census 2021,2022,v1.0 | April 2026
7,JIRAPA,UPPER WEST,Guinea/Sudan Savannah,260-district (Ghana 2019-2020 administrative),285.3,51.7,26.7,52.3,25.7,158.2,52.6,312.6,1,HH,5.202,Priority-1 Hotspot (99.9%),0.9282,Very High,WHO GHO / DHIMS2 2018-2022,Ghana DHS 2014 (spatially disaggregated),Ghana DHS 2014 (spatially disaggregated),Ghana DHS 2014 / JMP,Ghana DHS 2014 / Census 2021,2022,v1.0 | April 2026
8,GUSHEGU,NORTHERN,Guinea/Sudan Savannah,260-district (Ghana 2019-2020 administrative),262.3,58.7,31.4,64.2,31.8,135.2,48.0,57.0,1,HH,5.743,Priority-1 Hotspot (99.9%),0.8318,Very High,WHO GHO / DHIMS2 2018-2022,Ghana DHS 2014 (spatially disaggregated),Ghana DHS 2014 (spatially disaggregated),Ghana DHS 2014 / JMP,Ghana DHS 2014 / Census 2021,2022,v1.0 | April 2026
9,SISSALA WEST,UPPER WEST,Guinea/Sudan Savannah,260-district (Ghana 2019-2020 administrative),299.4,70.4,23.5,60.6,32.9,139.3,50.6,508.0,1,HH,5.124,Priority-1 Hotspot (99.9%),0.9464,Very High,WHO GHO / DHIMS2 2018-2022,Ghana DHS 2014 (spatially disaggregated),Ghana DHS 2014 (spatially disaggregated),Ghana DHS 2014 / JMP,Ghana DHS 2014 / Census 2021,2022,v1.0 | April 2026
10,NANUMBA NORTH,NORTHERN,Guinea/Sudan Savannah,260-district (Ghana 2019-2020 administrative),284.0,70.0,7.7,63.2,35.8,133.5,51.6,30.3,1,HH,5.242,Priority-1 Hotspot (99.9%),0.9983,Very High,WHO GHO / DHIMS2 2018-2022,Ghana DHS 2014 (spatially disaggregated),Ghana DHS 2014 (spatially disaggregated),Ghana DHS 2014 / JMP,Ghana DHS 2014 / Census 2021,2022,v1.0 | April 2026
11,LAMBUSSIE-KARNI,UPPER WEST,Guinea/Sudan Savannah,260-district (Ghana 2019-2020 administrative),268.4,64.4,35.9,51.5,24.7,141.5,52.2,193.1,1,HH,5.387,Priority-1 Hotspot (99.9%),0.9129,Very High,WHO GHO / DHIMS2 2018-2022,Ghana DHS 2014 (spatially disaggregated),Ghana DHS 2014 (spatially disaggregated),Ghana DHS 2014 / JMP,Ghana DHS 2014 / Census 2021,2022,v1.0 | April 2026
12,BOLGATANGA MUNICIPAL,UPPER EAST,Guinea/Sudan Savannah,260-district (Ghana 2019-2020 administrative),182.9,25.8,53.2,67.0,37.2,122.1,33.9,46.0,1,HL,2.168,Hotspot (95%),0.5015,Moderate,WHO GHO / DHIMS2 2018-2022,Ghana DHS 2014 (spatially disaggregated),Ghana DHS 2014 (spatially disaggregated),Ghana DHS 2014 / JMP,Ghana DHS 2014 / Census 2021,2022,v1.0 | April 2026
13,NANUMBA SOUTH,NORTHERN,Guinea/Sudan Savannah,260-district (Ghana 2019-2020 administrative),293.0,62.2,28.7,56.9,25.3,131.7,50.3,78.1,1,HH,4.038,Priority-1 Hotspot (99.9%),0.8973,Very High,WHO GHO / DHIMS2 2018-2022,Ghana DHS 2014 (spatially disaggregated),Ghana DHS 2014 (spatially disaggregated),Ghana DHS 2014 / JMP,Ghana DHS 2014 / Census 2021,2022,v1.0 | April 2026
14,WENCHI MUNICIPAL,BONO,Transitional Forest-Savannah,260-district (Ghana 2019-2020 administrative),171.9,43.2,51.2,68.3,46.5,99.9,25.7,145.3,1,NS,0.114,Not Significant,0.5089,Moderate,WHO GHO / DHIMS2 2018-2022,Ghana DHS 2014 (spatially disaggregated),Ghana DHS 2014 (spatially disaggregated),Ghana DHS 2014 / JMP,Ghana DHS 2014 / Census 2021,2022,v1.0 | April 2026
15,BONGO,UPPER EAST,Guinea/Sudan Savannah,260-district (Ghana 2019-2020 administrative),196.4,37.5,50.9,63.0,41.9,109.5,38.5,270.8,1,HL,1.703,Not Significant,0.5524,Moderate,WHO GHO / DHIMS2 2018-2022,Ghana DHS 2014 (spatially disaggregated),Ghana DHS 2014 (spatially disaggregated),Ghana DHS 2014 / JMP,Ghana DHS 2014 / Census 2021,2022,v1.0 | April 2026
16,TANO SOUTH MUNICIPAL,AHAFO,Transitional Forest-Savannah,260-district (Ghana 2019-2020 administrative),175.3,36.0,48.4,58.5,49.2,130.9,26.2,94.3,1,NS,-1.156,Not Significant,0.5764,Moderate,WHO GHO / DHIMS2 2018-2022,Ghana DHS 2014 (spatially disaggregated),Ghana DHS 2014 (spatially disaggregated),Ghana DHS 2014 / JMP,Ghana DHS 2014 / Census 2021,2022,v1.0 | April 2026
17,KASENA NANKANA WEST,UPPER EAST,Guinea/Sudan Savannah,260-district (Ghana 2019-2020 administrative),197.3,19.7,40.0,61.6,34.7,134.1,32.3,512.8,1,NS,2.235,Hotspot (95%),0.5829,Moderate,WHO GHO / DHIMS2 2018-2022,Ghana DHS 2014 (spatially disaggregated),Ghana DHS 2014 (spatially disaggregated),Ghana DHS 2014 / JMP,Ghana DHS 2014 / Census 2021,2022,v1.0 | April 2026
18,WA WEST,UPPER WEST,Guinea/Sudan Savannah,260-district (Ghana 2019-2020 administrative),251.5,60.4,30.6,47.2,32.0,168.6,44.7,172.0,1,HH,5.055,Priority-1 Hotspot (99.9%),0.9578,Very High,WHO GHO / DHIMS2 2018-2022,Ghana DHS 2014 (spatially disaggregated),Ghana DHS 2014 (spatially disaggregated),Ghana DHS 2014 / JMP,Ghana DHS 2014 / Census 2021,2022,v1.0 | April 2026
19,SUNYANI MUNICIPAL,BONO,Transitional Forest-Savannah,260-district (Ghana 2019-2020 administrative),180.0,45.5,26.2,59.4,48.4,105.5,32.3,195.8,1,NS,-0.104,Not Significant,0.6903,High,WHO GHO / DHIMS2 2018-2022,Ghana DHS 2014 (spatially disaggregated),Ghana DHS 2014 (spatially disaggregated),Ghana DHS 2014 / JMP,Ghana DHS 2014 / Census 2021,2022,v1.0 | April 2026
20,SAWLA-TUNA-KALBA,SAVANNAH,Guinea/Sudan Savannah,260-district (Ghana 2019-2020 administrative),248.4,57.8,31.8,52.4,46.2,148.1,44.7,250.9,1,HH,4.641,Priority-1 Hotspot (99.9%),0.8506,Very High,WHO GHO / DHIMS2 2018-2022,Ghana DHS 2014 (spatially disaggregated),Ghana DHS 2014 (spatially disaggregated),Ghana DHS 2014 / JMP,Ghana DHS 2014 / Census 2021,2022,v1.0 | April 2026
21,ASANTE AKIM SOUTH,ASHANTI,Coastal/Urban,260-district (Ghana 2019-2020 administrative),108.3,25.3,56.6,75.3,69.2,84.2,24.1,676.8,0,NS,-1.733,Not Significant,0.2916,Low,WHO GHO / DHIMS2 2018-2022,Ghana DHS 2014 (spatially disaggregated),Ghana DHS 2014 (spatially disaggregated),Ghana DHS 2014 / JMP,Ghana DHS 2014 / Census 2021,2022,v1.0 | April 2026
22,SISSALA EAST,UPPER WEST,Guinea/Sudan Savannah,260-district (Ghana 2019-2020 administrative),267.6,57.8,17.0,49.7,29.9,154.1,50.3,287.7,1,HH,3.814,Priority-1 Hotspot (99.9%),0.9914,Very High,WHO GHO / DHIMS2 2018-2022,Ghana DHS 2014 (spatially disaggregated),Ghana DHS 2014 (spatially disaggregated),Ghana DHS 2014 / JMP,Ghana DHS 2014 / Census 2021,2022,v1.0 | April 2026
23,ADA EAST,GREATER ACCRA,Coastal/Urban,260-district (Ghana 2019-2020 administrative),65.1,20.5,53.0,98.0,82.7,45.1,8.5,218.3,0,LL,0.086,Not Significant,0.08,Very Low,WHO GHO / DHIMS2 2018-2022,Ghana DHS 2014 (spatially disaggregated),Ghana DHS 2014 (spatially disaggregated),Ghana DHS 2014 / JMP,Ghana DHS 2014 / Census 2021,2022,v1.0 | April 2026
24,SHAI OSUDOKU,GREATER ACCRA,Coastal/Urban,260-district (Ghana 2019-2020 administrative),62.6,16.1,58.9,90.0,72.4,35.3,10.4,294.5,0,LL,-2.322,Coldspot (95%),0.0645,Very Low,WHO GHO / DHIMS2 2018-2022,Ghana DHS 2014 (spatially disaggregated),Ghana DHS 2014 (spatially disaggregated),Ghana DHS 2014 / JMP,Ghana DHS 2014 / Census 2021,2022,v1.0 | April 2026
25,KASENA NANKANA EAST,UPPER EAST,Guinea/Sudan Savannah,260-district (Ghana 2019-2020 administrative),199.9,15.2,53.8,63.5,35.9,129.3,35.3,59.5,1,HL,1.865,Not Significant,0.4805,Moderate,WHO GHO / DHIMS2 2018-2022,Ghana DHS 2014 (spatially disaggregated),Ghana DHS 2014 (spatially disaggregated),Ghana DHS 2014 / JMP,Ghana DHS 2014 / Census 2021,2022,v1.0 | April 2026
26,ADA WEST,GREATER ACCRA,Coastal/Urban,260-district (Ghana 2019-2020 administrative),68.9,15.2,63.8,96.7,68.7,43.9,13.2,223.9,0,LL,-0.698,Not Significant,0.0441,Very Low,WHO GHO / DHIMS2 2018-2022,Ghana DHS 2014 (spatially disaggregated),Ghana DHS 2014 (spatially disaggregated),Ghana DHS 2014 / JMP,Ghana DHS 2014 / Census 2021,2022,v1.0 | April 2026
27,BUNKPURUGU NAKPANDURI,NORTHERN EAST,Guinea/Sudan Savannah,260-district (Ghana 2019-2020 administrative),285.0,80.0,34.8,66.9,44.5,142.8,48.0,272.4,1,HH,2.849,Hotspot (99%),0.8896,Very High,WHO GHO / DHIMS2 2018-2022,Ghana DHS 2014 (spatially disaggregated),Ghana DHS 2014 (spatially disaggregated),Ghana DHS 2014 / JMP,Ghana DHS 2014 / Census 2021,2022,v1.0 | April 2026
28,GARU,UPPER EAST,Guinea/Sudan Savannah,260-district (Ghana 2019-2020 administrative),177.4,21.3,48.5,61.7,58.3,99.0,37.2,40.8,1,NS,3.174,Hotspot (99%),0.4338,Moderate,WHO GHO / DHIMS2 2018-2022,Ghana DHS 2014 (spatially disaggregated),Ghana DHS 2014 (spatially disaggregated),Ghana DHS 2014 / JMP,Ghana DHS 2014 / Census 2021,2022,v1.0 | April 2026
29,NINGO/PRAMPRAM,GREATER ACCRA,Coastal/Urban,260-district (Ghana 2019-2020 administrative),59.9,18.3,55.6,83.9,73.3,68.2,9.5,176.5,0,LL,-4.27,Coldspot (99%),0.1711,Very Low,WHO GHO / DHIMS2 2018-2022,Ghana DHS 2014 (spatially disaggregated),Ghana DHS 2014 (spatially disaggregated),Ghana DHS 2014 / JMP,Ghana DHS 2014 / Census 2021,2022,v1.0 | April 2026
30,EAST MAMPRUSI,NORTHERN EAST,Guinea/Sudan Savannah,260-district (Ghana 2019-2020 administrative),273.1,54.2,47.4,63.9,23.6,135.8,47.0,293.5,1,HL,3.946,Priority-1 Hotspot (99.9%),0.751,High,WHO GHO / DHIMS2 2018-2022,Ghana DHS 2014 (spatially disaggregated),Ghana DHS 2014 (spatially disaggregated),Ghana DHS 2014 / JMP,Ghana DHS 2014 / Census 2021,2022,v1.0 | April 2026
31,LA DADE-KOTOPON,GREATER ACCRA,Coastal/Urban,260-district (Ghana 2019-2020 administrative),56.4,11.1,59.1,95.6,69.9,53.0,10.3,88.0,0,LL,-4.603,Coldspot (99%),0.0621,Very Low,WHO GHO / DHIMS2 2018-2022,Ghana DHS 2014 (spatially disaggregated),Ghana DHS 2014 (spatially disaggregated),Ghana DHS 2014 / JMP,Ghana DHS 2014 / Census 2021,2022,v1.0 | April 2026
32,BAWKU WEST,UPPER EAST,Guinea/Sudan Savannah,260-district (Ghana 2019-2020 administrative),235.3,25.1,42.3,66.7,57.0,142.5,30.5,100.7,1,HL,1.861,Not Significant,0.5415,Moderate,WHO GHO / DHIMS2 2018-2022,Ghana DHS 2014 (spatially disaggregated),Ghana DHS 2014 (spatially disaggregated),Ghana DHS 2014 / JMP,Ghana DHS 2014 / Census 2021,2022,v1.0 | April 2026
33,AOWIN,WESTERN NORTH,Forest,260-district (Ghana 2019-2020 administrative),164.0,38.9,43.3,78.4,47.4,95.1,16.4,65.4,1,NS,-0.89,Not Significant,0.4682,Moderate,WHO GHO / DHIMS2 2018-2022,Ghana DHS 2014 (spatially disaggregated),Ghana DHS 2014 (spatially disaggregated),Ghana DHS 2014 / JMP,Ghana DHS 2014 / Census 2021,2022,v1.0 | April 2026
34,DORMAA EAST,BONO,Transitional Forest-Savannah,260-district (Ghana 2019-2020 administrative),170.2,33.3,49.2,58.7,41.6,103.0,35.8,47.1,1,NS,0.469,Not Significant,0.5391,Moderate,WHO GHO / DHIMS2 2018-2022,Ghana DHS 2014 (spatially disaggregated),Ghana DHS 2014 (spatially disaggregated),Ghana DHS 2014 / JMP,Ghana DHS 2014 / Census 2021,2022,v1.0 | April 2026
35,SUAMAN,WESTERN NORTH,Forest,260-district (Ghana 2019-2020 administrative),162.4,43.2,31.8,76.6,55.3,87.0,26.3,109.0,1,NS,-0.778,Not Significant,0.5339,Moderate,WHO GHO / DHIMS2 2018-2022,Ghana DHS 2014 (spatially disaggregated),Ghana DHS 2014 (spatially disaggregated),Ghana DHS 2014 / JMP,Ghana DHS 2014 / Census 2021,2022,v1.0 | April 2026
36,BEREKUM EAST MUNICIPAL,BONO,Transitional Forest-Savannah,260-district (Ghana 2019-2020 administrative),177.2,44.8,48.8,59.9,59.6,71.7,31.0,237.6,1,NS,0.608,Not Significant,0.4799,Moderate,WHO GHO / DHIMS2 2018-2022,Ghana DHS 2014 (spatially disaggregated),Ghana DHS 2014 (spatially disaggregated),Ghana DHS 2014 / JMP,Ghana DHS 2014 / Census 2021,2022,v1.0 | April 2026
37,BIA EAST,WESTERN NORTH,Forest,260-district (Ghana 2019-2020 administrative),149.2,39.4,38.0,70.8,49.8,108.7,27.2,85.3,1,NS,-0.068,Not Significant,0.5608,Moderate,WHO GHO / DHIMS2 2018-2022,Ghana DHS 2014 (spatially disaggregated),Ghana DHS 2014 (spatially disaggregated),Ghana DHS 2014 / JMP,Ghana DHS 2014 / Census 2021,2022,v1.0 | April 2026
38,JAMAN SOUTH MUNICIPAL,BONO,Transitional Forest-Savannah,260-district (Ghana 2019-2020 administrative),192.3,42.6,42.6,71.1,38.9,92.6,33.7,241.8,1,HL,0.523,Not Significant,0.5566,Moderate,WHO GHO / DHIMS2 2018-2022,Ghana DHS 2014 (spatially disaggregated),Ghana DHS 2014 (spatially disaggregated),Ghana DHS 2014 / JMP,Ghana DHS 2014 / Census 2021,2022,v1.0 | April 2026
39,BIA WEST,WESTERN NORTH,Forest,260-district (Ghana 2019-2020 administrative),144.7,43.8,49.9,70.3,57.7,93.0,25.4,357.5,1,NS,-0.399,Not Significant,0.472,Moderate,WHO GHO / DHIMS2 2018-2022,Ghana DHS 2014 (spatially disaggregated),Ghana DHS 2014 (spatially disaggregated),Ghana DHS 2014 / JMP,Ghana DHS 2014 / Census 2021,2022,v1.0 | April 2026
40,SUNYANI WEST,BONO,Transitional Forest-Savannah,260-district (Ghana 2019-2020 administrative),190.8,45.7,46.5,67.4,49.5,96.3,32.5,133.7,1,HL,0.143,Not Significant,0.5443,Moderate,WHO GHO / DHIMS2 2018-2022,Ghana DHS 2014 (spatially disaggregated),Ghana DHS 2014 (spatially disaggregated),Ghana DHS 2014 / JMP,Ghana DHS 2014 / Census 2021,2022,v1.0 | April 2026
41,ASUNAFO NORTH MUNICIPAL,AHAFO,Transitional Forest-Savannah,260-district (Ghana 2019-2020 administrative),163.6,45.1,30.7,79.5,38.1,79.8,32.6,279.6,1,NS,-0.002,Not Significant,0.5749,Moderate,WHO GHO / DHIMS2 2018-2022,Ghana DHS 2014 (spatially disaggregated),Ghana DHS 2014 (spatially disaggregated),Ghana DHS 2014 / JMP,Ghana DHS 2014 / Census 2021,2022,v1.0 | April 2026
42,BODI,WESTERN NORTH,Forest,260-district (Ghana 2019-2020 administrative),154.4,46.9,39.6,68.4,54.4,85.8,29.0,131.9,1,NS,-0.538,Not Significant,0.5433,Moderate,WHO GHO / DHIMS2 2018-2022,Ghana DHS 2014 (spatially disaggregated),Ghana DHS 2014 (spatially disaggregated),Ghana DHS 2014 / JMP,Ghana DHS 2014 / Census 2021,2022,v1.0 | April 2026
43,JUABOSO,WESTERN NORTH,Forest,260-district (Ghana 2019-2020 administrative),132.6,41.2,43.0,70.4,48.1,99.7,26.8,98.9,1,NS,-0.444,Not Significant,0.5313,Moderate,WHO GHO / DHIMS2 2018-2022,Ghana DHS 2014 (spatially disaggregated),Ghana DHS 2014 (spatially disaggregated),Ghana DHS 2014 / JMP,Ghana DHS 2014 / Census 2021,2022,v1.0 | April 2026
44,NKORANZA NORTH,BONO EAST,Transitional Forest-Savannah,260-district (Ghana 2019-2020 administrative),159.5,43.5,23.7,57.4,38.2,101.8,31.2,483.1,1,NS,-0.402,Not Significant,0.7145,High,WHO GHO / DHIMS2 2018-2022,Ghana DHS 2014 (spatially disaggregated),Ghana DHS 2014 (spatially disaggregated),Ghana DHS 2014 / JMP,Ghana DHS 2014 / Census 2021,2022,v1.0 | April 2026
45,KINTAMPO SOUTH,BONO EAST,Transitional Forest-Savannah,260-district (Ghana 2019-2020 administrative),183.4,41.1,35.1,59.8,43.1,100.7,31.2,76.6,1,NS,0.24,Not Significant,0.6256,High,WHO GHO / DHIMS2 2018-2022,Ghana DHS 2014 (spatially disaggregated),Ghana DHS 2014 (spatially disaggregated),Ghana DHS 2014 / JMP,Ghana DHS 2014 / Census 2021,2022,v1.0 | April 2026
46,SHAMA,WESTERN,Forest,260-district (Ghana 2019-2020 administrative),146.9,51.8,39.3,77.7,60.6,87.0,25.9,149.9,1,NS,-0.575,Not Significant,0.5197,Moderate,WHO GHO / DHIMS2 2018-2022,Ghana DHS 2014 (spatially disaggregated),Ghana DHS 2014 (spatially disaggregated),Ghana DHS 2014 / JMP,Ghana DHS 2014 / Census 2021,2022,v1.0 | April 2026
47,TANO NORTH MUNICIPAL,AHAFO,Transitional Forest-Savannah,260-district (Ghana 2019-2020 administrative),163.6,36.9,37.4,69.9,55.3,112.4,35.6,80.3,1,NS,-0.882,Not Significant,0.5639,Moderate,WHO GHO / DHIMS2 2018-2022,Ghana DHS 2014 (spatially disaggregated),Ghana DHS 2014 (spatially disaggregated),Ghana DHS 2014 / JMP,Ghana DHS 2014 / Census 2021,2022,v1.0 | April 2026
48,WASSA EAST,WESTERN,Forest,260-district (Ghana 2019-2020 administrative),151.5,43.7,57.7,70.5,49.9,84.0,18.8,97.5,1,NS,-0.979,Not Significant,0.4215,Moderate,WHO GHO / DHIMS2 2018-2022,Ghana DHS 2014 (spatially disaggregated),Ghana DHS 2014 (spatially disaggregated),Ghana DHS 2014 / JMP,Ghana DHS 2014 / Census 2021,2022,v1.0 | April 2026
49,KETU NORTH,VOLTA,Transitional Forest-Savannah,260-district (Ghana 2019-2020 administrative),169.1,37.5,41.2,80.0,52.0,80.3,30.6,220.0,1,NS,1.123,Not Significant,0.4518,Moderate,WHO GHO / DHIMS2 2018-2022,Ghana DHS 2014 (spatially disaggregated),Ghana DHS 2014 (spatially disaggregated),Ghana DHS 2014 / JMP,Ghana DHS 2014 / Census 2021,2022,v1.0 | April 2026
50,MPOHOR,WESTERN,Forest,260-district (Ghana 2019-2020 administrative),122.6,53.6,49.6,72.5,43.8,113.3,24.9,399.5,1,NS,-0.75,Not Significant,0.5818,Moderate,WHO GHO / DHIMS2 2018-2022,Ghana DHS 2014 (spatially disaggregated),Ghana DHS 2014 (spatially disaggregated),Ghana DHS 2014 / JMP,Ghana DHS 2014 / Census 2021,2022,v1.0 | April 2026
51,WASSA AMENFI WEST,WESTERN,Forest,260-district (Ghana 2019-2020 administrative),119.0,39.0,40.2,75.6,52.6,102.3,22.0,132.4,1,NS,-0.926,Not Significant,0.5047,Moderate,WHO GHO / DHIMS2 2018-2022,Ghana DHS 2014 (spatially disaggregated),Ghana DHS 2014 (spatially disaggregated),Ghana DHS 2014 / JMP,Ghana DHS 2014 / Census 2021,2022,v1.0 | April 2026
52,KETU SOUTH,VOLTA,Transitional Forest-Savannah,260-district (Ghana 2019-2020 administrative),187.5,39.7,44.2,62.0,34.6,108.2,34.3,81.5,1,HL,1.02,Not Significant,0.6062,High,WHO GHO / DHIMS2 2018-2022,Ghana DHS 2014 (spatially disaggregated),Ghana DHS 2014 (spatially disaggregated),Ghana DHS 2014 / JMP,Ghana DHS 2014 / Census 2021,2022,v1.0 | April 2026
53,WASSA AMENFI CENTRAL,WESTERN,Forest,260-district (Ghana 2019-2020 administrative),160.5,43.3,49.6,75.7,70.2,119.3,24.5,322.9,1,NS,-1.155,Not Significant,0.4742,Moderate,WHO GHO / DHIMS2 2018-2022,Ghana DHS 2014 (spatially disaggregated),Ghana DHS 2014 (spatially disaggregated),Ghana DHS 2014 / JMP,Ghana DHS 2014 / Census 2021,2022,v1.0 | April 2026
54,KETA MUNICIPAL,VOLTA,Transitional Forest-Savannah,260-district (Ghana 2019-2020 administrative),198.6,44.8,30.8,72.8,52.7,62.6,29.8,29.0,1,NS,0.283,Not Significant,0.5233,Moderate,WHO GHO / DHIMS2 2018-2022,Ghana DHS 2014 (spatially disaggregated),Ghana DHS 2014 (spatially disaggregated),Ghana DHS 2014 / JMP,Ghana DHS 2014 / Census 2021,2022,v1.0 | April 2026
55,KADJEBI,OTI,Transitional Forest-Savannah,260-district (Ghana 2019-2020 administrative),203.5,42.5,46.5,63.9,51.6,97.3,32.7,142.0,1,HL,1.216,Not Significant,0.5385,Moderate,WHO GHO / DHIMS2 2018-2022,Ghana DHS 2014 (spatially disaggregated),Ghana DHS 2014 (spatially disaggregated),Ghana DHS 2014 / JMP,Ghana DHS 2014 / Census 2021,2022,v1.0 | April 2026
56,MFANTSEMAN MUNICIPAL,CENTRAL,Forest,260-district (Ghana 2019-2020 administrative),161.9,48.5,20.3,71.6,45.0,122.0,29.0,70.0,1,NS,-0.473,Not Significant,0.7277,High,WHO GHO / DHIMS2 2018-2022,Ghana DHS 2014 (spatially disaggregated),Ghana DHS 2014 (spatially disaggregated),Ghana DHS 2014 / JMP,Ghana DHS 2014 / Census 2021,2022,v1.0 | April 2026
57,SOUTH TONGU,VOLTA,Transitional Forest-Savannah,260-district (Ghana 2019-2020 administrative),174.2,30.2,38.0,74.4,38.4,96.6,31.7,78.7,1,NS,-0.245,Not Significant,0.5171,Moderate,WHO GHO / DHIMS2 2018-2022,Ghana DHS 2014 (spatially disaggregated),Ghana DHS 2014 (spatially disaggregated),Ghana DHS 2014 / JMP,Ghana DHS 2014 / Census 2021,2022,v1.0 | April 2026
58,EKUMFI,CENTRAL,Forest,260-district (Ghana 2019-2020 administrative),153.1,42.5,32.4,64.9,67.9,112.5,25.8,176.1,1,NS,-0.483,Not Significant,0.5855,Moderate,WHO GHO / DHIMS2 2018-2022,Ghana DHS 2014 (spatially disaggregated),Ghana DHS 2014 (spatially disaggregated),Ghana DHS 2014 / JMP,Ghana DHS 2014 / Census 2021,2022,v1.0 | April 2026
59,TWIFO HEMANG LOWER DENKYIRA,CENTRAL,Forest,260-district (Ghana 2019-2020 administrative),153.0,47.4,41.7,76.6,50.4,103.4,27.1,23.5,1,NS,-0.427,Not Significant,0.5484,Moderate,WHO GHO / DHIMS2 2018-2022,Ghana DHS 2014 (spatially disaggregated),Ghana DHS 2014 (spatially disaggregated),Ghana DHS 2014 / JMP,Ghana DHS 2014 / Census 2021,2022,v1.0 | April 2026
60,JASIKAN,OTI,Transitional Forest-Savannah,260-district (Ghana 2019-2020 administrative),173.6,46.4,47.7,62.0,44.2,122.7,47.0,363.5,1,NS,1.146,Not Significant,0.6471,High,WHO GHO / DHIMS2 2018-2022,Ghana DHS 2014 (spatially disaggregated),Ghana DHS 2014 (spatially disaggregated),Ghana DHS 2014 / JMP,Ghana DHS 2014 / Census 2021,2022,v1.0 | April 2026
61,TWIFO ATTI-MORKWA,CENTRAL,Forest,260-district (Ghana 2019-2020 administrative),152.7,43.0,23.9,73.3,48.8,90.7,26.0,62.5,1,NS,-1.18,Not Significant,0.6045,High,WHO GHO / DHIMS2 2018-2022,Ghana DHS 2014 (spatially disaggregated),Ghana DHS 2014 (spatially disaggregated),Ghana DHS 2014 / JMP,Ghana DHS 2014 / Census 2021,2022,v1.0 | April 2026
62,KRACHI EAST MUNICIPAL,OTI,Transitional Forest-Savannah,260-district (Ghana 2019-2020 administrative),250.5,43.5,34.4,72.4,40.7,105.1,42.4,228.4,1,HH,1.944,Not Significant,0.632,High,WHO GHO / DHIMS2 2018-2022,Ghana DHS 2014 (spatially disaggregated),Ghana DHS 2014 (spatially disaggregated),Ghana DHS 2014 / JMP,Ghana DHS 2014 / Census 2021,2022,v1.0 | April 2026
63,AWUTU SENYA,CENTRAL,Forest,260-district (Ghana 2019-2020 administrative),136.3,47.6,29.8,63.8,60.6,140.6,23.7,232.8,1,NS,-2.635,Coldspot (99%),0.6931,High,WHO GHO / DHIMS2 2018-2022,Ghana DHS 2014 (spatially disaggregated),Ghana DHS 2014 (spatially disaggregated),Ghana DHS 2014 / JMP,Ghana DHS 2014 / Census 2021,2022,v1.0 | April 2026
64,NKWANTA SOUTH MUNICIPAL,OTI,Transitional Forest-Savannah,260-district (Ghana 2019-2020 administrative),194.4,35.3,29.8,58.3,40.5,105.5,38.6,142.6,1,NS,3.78,Priority-1 Hotspot (99.9%),0.658,High,WHO GHO / DHIMS2 2018-2022,Ghana DHS 2014 (spatially disaggregated),Ghana DHS 2014 (spatially disaggregated),Ghana DHS 2014 / JMP,Ghana DHS 2014 / Census 2021,2022,v1.0 | April 2026
65,AWUTU SENYA EAST,CENTRAL,Forest,260-district (Ghana 2019-2020 administrative),150.7,43.3,32.2,76.6,57.6,97.3,28.2,270.7,1,NS,-2.608,Coldspot (99%),0.5502,Moderate,WHO GHO / DHIMS2 2018-2022,Ghana DHS 2014 (spatially disaggregated),Ghana DHS 2014 (spatially disaggregated),Ghana DHS 2014 / JMP,Ghana DHS 2014 / Census 2021,2022,v1.0 | April 2026
66,AFIGYA KWABRE SOUTH,ASHANTI,Coastal/Urban,260-district (Ghana 2019-2020 administrative),100.0,23.9,42.0,83.6,57.2,50.9,16.7,154.2,0,NS,-2.092,Coldspot (95%),0.281,Low,WHO GHO / DHIMS2 2018-2022,Ghana DHS 2014 (spatially disaggregated),Ghana DHS 2014 (spatially disaggregated),Ghana DHS 2014 / JMP,Ghana DHS 2014 / Census 2021,2022,v1.0 | April 2026
67,LA-NKWANTANANG-MADINA,GREATER ACCRA,Coastal/Urban,260-district (Ghana 2019-2020 administrative),67.8,6.4,60.2,80.4,77.8,39.8,9.7,154.1,0,LL,-3.879,Coldspot (99%),0.0399,Very Low,WHO GHO / DHIMS2 2018-2022,Ghana DHS 2014 (spatially disaggregated),Ghana DHS 2014 (spatially disaggregated),Ghana DHS 2014 / JMP,Ghana DHS 2014 / Census 2021,2022,v1.0 | April 2026
68,ATWIMA KWANWOMA,ASHANTI,Coastal/Urban,260-district (Ghana 2019-2020 administrative),109.7,18.3,55.4,76.7,68.3,61.1,23.2,470.2,0,NS,-1.758,Not Significant,0.2166,Low,WHO GHO / DHIMS2 2018-2022,Ghana DHS 2014 (spatially disaggregated),Ghana DHS 2014 (spatially disaggregated),Ghana DHS 2014 / JMP,Ghana DHS 2014 / Census 2021,2022,v1.0 | April 2026
69,SEKYERE SOUTH,ASHANTI,Coastal/Urban,260-district (Ghana 2019-2020 administrative),90.3,15.8,51.9,79.0,65.1,68.9,21.9,131.0,0,NS,-1.972,Coldspot (95%),0.2352,Low,WHO GHO / DHIMS2 2018-2022,Ghana DHS 2014 (spatially disaggregated),Ghana DHS 2014 (spatially disaggregated),Ghana DHS 2014 / JMP,Ghana DHS 2014 / Census 2021,2022,v1.0 | April 2026
70,GA EAST,GREATER ACCRA,Coastal/Urban,260-district (Ghana 2019-2020 administrative),77.6,13.3,57.8,87.9,74.9,51.5,12.9,106.0,0,NS,-4.481,Coldspot (99%),0.0938,Very Low,WHO GHO / DHIMS2 2018-2022,Ghana DHS 2014 (spatially disaggregated),Ghana DHS 2014 (spatially disaggregated),Ghana DHS 2014 / JMP,Ghana DHS 2014 / Census 2021,2022,v1.0 | April 2026
71,AYAWASO WEST,GREATER ACCRA,Coastal/Urban,260-district (Ghana 2019-2020 administrative),68.1,24.3,62.1,88.4,86.7,51.9,5.6,66.3,0,LL,-4.628,Coldspot (99%),0.0827,Very Low,WHO GHO / DHIMS2 2018-2022,Ghana DHS 2014 (spatially disaggregated),Ghana DHS 2014 (spatially disaggregated),Ghana DHS 2014 / JMP,Ghana DHS 2014 / Census 2021,2022,v1.0 | April 2026
72,SEKYERE EAST,ASHANTI,Coastal/Urban,260-district (Ghana 2019-2020 administrative),97.6,18.5,47.4,90.3,64.8,74.7,24.1,25.3,0,NS,-1.886,Not Significant,0.2487,Low,WHO GHO / DHIMS2 2018-2022,Ghana DHS 2014 (spatially disaggregated),Ghana DHS 2014 (spatially disaggregated),Ghana DHS 2014 / JMP,Ghana DHS 2014 / Census 2021,2022,v1.0 | April 2026
73,GA SOUTH MUNICIPAL,GREATER ACCRA,Coastal/Urban,260-district (Ghana 2019-2020 administrative),67.5,16.4,43.3,97.3,80.7,51.8,13.6,912.8,0,LL,-2.663,Coldspot (99%),0.1378,Very Low,WHO GHO / DHIMS2 2018-2022,Ghana DHS 2014 (spatially disaggregated),Ghana DHS 2014 (spatially disaggregated),Ghana DHS 2014 / JMP,Ghana DHS 2014 / Census 2021,2022,v1.0 | April 2026
74,GA WEST MUNICIPAL,GREATER ACCRA,Coastal/Urban,260-district (Ghana 2019-2020 administrative),67.0,13.3,51.4,85.3,84.1,45.2,11.9,101.3,0,LL,-3.832,Coldspot (99%),0.099,Very Low,WHO GHO / DHIMS2 2018-2022,Ghana DHS 2014 (spatially disaggregated),Ghana DHS 2014 (spatially disaggregated),Ghana DHS 2014 / JMP,Ghana DHS 2014 / Census 2021,2022,v1.0 | April 2026
75,SEKYERE CENTRAL,ASHANTI,Coastal/Urban,260-district (Ghana 2019-2020 administrative),125.7,22.6,55.6,77.1,60.6,63.3,20.3,200.7,0,NS,-2.097,Coldspot (95%),0.2511,Low,WHO GHO / DHIMS2 2018-2022,Ghana DHS 2014 (spatially disaggregated),Ghana DHS 2014 (spatially disaggregated),Ghana DHS 2014 / JMP,Ghana DHS 2014 / Census 2021,2022,v1.0 | April 2026
76,GA CENTRAL MUNICIPAL,GREATER ACCRA,Coastal/Urban,260-district (Ghana 2019-2020 administrative),73.2,6.3,62.1,98.0,81.2,86.2,9.4,54.8,0,NS,-4.592,Coldspot (99%),0.0541,Very Low,WHO GHO / DHIMS2 2018-2022,Ghana DHS 2014 (spatially disaggregated),Ghana DHS 2014 (spatially disaggregated),Ghana DHS 2014 / JMP,Ghana DHS 2014 / Census 2021,2022,v1.0 | April 2026
77,OFFINSO NORTH,ASHANTI,Coastal/Urban,260-district (Ghana 2019-2020 administrative),98.7,29.6,52.5,79.9,64.5,61.1,28.9,164.6,0,NS,-0.441,Not Significant,0.2909,Low,WHO GHO / DHIMS2 2018-2022,Ghana DHS 2014 (spatially disaggregated),Ghana DHS 2014 (spatially disaggregated),Ghana DHS 2014 / JMP,Ghana DHS 2014 / Census 2021,2022,v1.0 | April 2026
78,KRACHI WEST,OTI,Transitional Forest-Savannah,260-district (Ghana 2019-2020 administrative),212.6,42.6,38.3,64.8,34.7,125.1,43.4,435.4,1,NS,1.954,Not Significant,0.6876,High,WHO GHO / DHIMS2 2018-2022,Ghana DHS 2014 (spatially disaggregated),Ghana DHS 2014 (spatially disaggregated),Ghana DHS 2014 / JMP,Ghana DHS 2014 / Census 2021,2022,v1.0 | April 2026
79,OFFINSO MUNICIPAL,ASHANTI,Coastal/Urban,260-district (Ghana 2019-2020 administrative),139.1,17.5,39.4,79.4,62.9,94.4,16.5,504.5,0,NS,-2.196,Coldspot (95%),0.349,Low,WHO GHO / DHIMS2 2018-2022,Ghana DHS 2014 (spatially disaggregated),Ghana DHS 2014 (spatially disaggregated),Ghana DHS 2014 / JMP,Ghana DHS 2014 / Census 2021,2022,v1.0 | April 2026
80,OBUASI MUNICIPAL,ASHANTI,Coastal/Urban,260-district (Ghana 2019-2020 administrative),118.1,18.0,39.2,70.3,68.3,79.1,17.7,52.7,0,NS,-1.868,Not Significant,0.342,Low,WHO GHO / DHIMS2 2018-2022,Ghana DHS 2014 (spatially disaggregated),Ghana DHS 2014 (spatially disaggregated),Ghana DHS 2014 / JMP,Ghana DHS 2014 / Census 2021,2022,v1.0 | April 2026
81,KRACHI NCHUMURU,OTI,Transitional Forest-Savannah,260-district (Ghana 2019-2020 administrative),201.9,48.2,32.4,54.5,38.5,113.9,29.7,142.1,1,NS,2.465,Hotspot (95%),0.7226,High,WHO GHO / DHIMS2 2018-2022,Ghana DHS 2014 (spatially disaggregated),Ghana DHS 2014 (spatially disaggregated),Ghana DHS 2014 / JMP,Ghana DHS 2014 / Census 2021,2022,v1.0 | April 2026
82,KWABRE EAST,ASHANTI,Coastal/Urban,260-district (Ghana 2019-2020 administrative),117.2,24.8,62.1,87.0,60.6,61.4,29.3,155.6,0,NS,-1.942,Not Significant,0.2082,Low,WHO GHO / DHIMS2 2018-2022,Ghana DHS 2014 (spatially disaggregated),Ghana DHS 2014 (spatially disaggregated),Ghana DHS 2014 / JMP,Ghana DHS 2014 / Census 2021,2022,v1.0 | April 2026
83,AGOTIME ZIOPE,VOLTA,Transitional Forest-Savannah,260-district (Ghana 2019-2020 administrative),185.3,36.5,40.1,67.8,41.3,80.8,33.2,96.1,1,NS,0.607,Not Significant,0.5225,Moderate,WHO GHO / DHIMS2 2018-2022,Ghana DHS 2014 (spatially disaggregated),Ghana DHS 2014 (spatially disaggregated),Ghana DHS 2014 / JMP,Ghana DHS 2014 / Census 2021,2022,v1.0 | April 2026
84,ADAKLU,VOLTA,Transitional Forest-Savannah,260-district (Ghana 2019-2020 administrative),170.0,37.2,36.5,77.7,26.7,105.4,37.0,28.3,1,NS,0.93,Not Significant,0.5989,Moderate,WHO GHO / DHIMS2 2018-2022,Ghana DHS 2014 (spatially disaggregated),Ghana DHS 2014 (spatially disaggregated),Ghana DHS 2014 / JMP,Ghana DHS 2014 / Census 2021,2022,v1.0 | April 2026
85,EJURA-SEKYEDUMASE,ASHANTI,Coastal/Urban,260-district (Ghana 2019-2020 administrative),115.9,18.4,36.0,75.5,54.7,104.3,24.4,410.4,0,LH,-1.248,Not Significant,0.4342,Moderate,WHO GHO / DHIMS2 2018-2022,Ghana DHS 2014 (spatially disaggregated),Ghana DHS 2014 (spatially disaggregated),Ghana DHS 2014 / JMP,Ghana DHS 2014 / Census 2021,2022,v1.0 | April 2026
86,ATWIMA NWABIAGYA SOUTH,ASHANTI,Coastal/Urban,260-district (Ghana 2019-2020 administrative),128.7,13.8,43.1,83.1,53.9,88.7,20.9,110.0,0,NS,-1.956,Not Significant,0.3187,Low,WHO GHO / DHIMS2 2018-2022,Ghana DHS 2014 (spatially disaggregated),Ghana DHS 2014 (spatially disaggregated),Ghana DHS 2014 / JMP,Ghana DHS 2014 / Census 2021,2022,v1.0 | April 2026
87,AKATSI SOUTH,VOLTA,Transitional Forest-Savannah,260-district (Ghana 2019-2020 administrative),199.9,39.3,35.6,75.7,37.7,98.2,35.1,115.9,1,NS,0.95,Not Significant,0.5771,Moderate,WHO GHO / DHIMS2 2018-2022,Ghana DHS 2014 (spatially disaggregated),Ghana DHS 2014 (spatially disaggregated),Ghana DHS 2014 / JMP,Ghana DHS 2014 / Census 2021,2022,v1.0 | April 2026
88,ATWIMA MPONUA,ASHANTI,Coastal/Urban,260-district (Ghana 2019-2020 administrative),123.9,13.1,54.7,79.1,58.8,93.7,19.5,48.1,0,NS,-1.181,Not Significant,0.267,Low,WHO GHO / DHIMS2 2018-2022,Ghana DHS 2014 (spatially disaggregated),Ghana DHS 2014 (spatially disaggregated),Ghana DHS 2014 / JMP,Ghana DHS 2014 / Census 2021,2022,v1.0 | April 2026
89,AKATSI NORTH,VOLTA,Transitional Forest-Savannah,260-district (Ghana 2019-2020 administrative),152.3,40.2,28.3,79.2,30.7,114.4,33.9,137.4,1,NS,0.909,Not Significant,0.6515,High,WHO GHO / DHIMS2 2018-2022,Ghana DHS 2014 (spatially disaggregated),Ghana DHS 2014 (spatially disaggregated),Ghana DHS 2014 / JMP,Ghana DHS 2014 / Census 2021,2022,v1.0 | April 2026
90,HO MUNICIPAL,VOLTA,Transitional Forest-Savannah,260-district (Ghana 2019-2020 administrative),173.6,39.0,38.2,75.3,46.1,91.3,32.2,141.8,1,NS,0.645,Not Significant,0.5265,Moderate,WHO GHO / DHIMS2 2018-2022,Ghana DHS 2014 (spatially disaggregated),Ghana DHS 2014 (spatially disaggregated),Ghana DHS 2014 / JMP,Ghana DHS 2014 / Census 2021,2022,v1.0 | April 2026
91,ADANSI SOUTH,ASHANTI,Coastal/Urban,260-district (Ghana 2019-2020 administrative),123.7,10.3,36.5,84.7,63.7,75.2,21.7,196.0,0,LH,-1.405,Not Significant,0.2828,Low,WHO GHO / DHIMS2 2018-2022,Ghana DHS 2014 (spatially disaggregated),Ghana DHS 2014 (spatially disaggregated),Ghana DHS 2014 / JMP,Ghana DHS 2014 / Census 2021,2022,v1.0 | April 2026
92,HOHOE MUNICIPAL,VOLTA,Transitional Forest-Savannah,260-district (Ghana 2019-2020 administrative),173.7,31.9,40.1,62.8,48.2,63.5,36.4,216.6,1,NS,0.714,Not Significant,0.4737,Moderate,WHO GHO / DHIMS2 2018-2022,Ghana DHS 2014 (spatially disaggregated),Ghana DHS 2014 (spatially disaggregated),Ghana DHS 2014 / JMP,Ghana DHS 2014 / Census 2021,2022,v1.0 | April 2026
93,ADANSI ASOKWA,ASHANTI,Coastal/Urban,260-district (Ghana 2019-2020 administrative),123.1,26.5,60.6,86.3,49.6,58.8,19.7,151.5,0,NS,-1.695,Not Significant,0.2297,Low,WHO GHO / DHIMS2 2018-2022,Ghana DHS 2014 (spatially disaggregated),Ghana DHS 2014 (spatially disaggregated),Ghana DHS 2014 / JMP,Ghana DHS 2014 / Census 2021,2022,v1.0 | April 2026
94,HO WEST,VOLTA,Transitional Forest-Savannah,260-district (Ghana 2019-2020 administrative),195.9,32.2,40.0,64.2,41.0,67.9,30.5,50.3,1,NS,0.47,Not Significant,0.4861,Moderate,WHO GHO / DHIMS2 2018-2022,Ghana DHS 2014 (spatially disaggregated),Ghana DHS 2014 (spatially disaggregated),Ghana DHS 2014 / JMP,Ghana DHS 2014 / Census 2021,2022,v1.0 | April 2026
95,BOSOME FREHO,ASHANTI,Coastal/Urban,260-district (Ghana 2019-2020 administrative),108.3,26.9,39.7,96.0,66.0,80.8,19.0,259.9,0,NS,-1.724,Not Significant,0.3073,Low,WHO GHO / DHIMS2 2018-2022,Ghana DHS 2014 (spatially disaggregated),Ghana DHS 2014 (spatially disaggregated),Ghana DHS 2014 / JMP,Ghana DHS 2014 / Census 2021,2022,v1.0 | April 2026
96,AFADZATO SOUTH,VOLTA,Transitional Forest-Savannah,260-district (Ghana 2019-2020 administrative),172.9,37.3,59.0,68.1,53.3,78.5,33.2,611.9,1,NS,0.656,Not Significant,0.3993,Low,WHO GHO / DHIMS2 2018-2022,Ghana DHS 2014 (spatially disaggregated),Ghana DHS 2014 (spatially disaggregated),Ghana DHS 2014 / JMP,Ghana DHS 2014 / Census 2021,2022,v1.0 | April 2026
97,AHAFO ANO SOUTH EAST,ASHANTI,Coastal/Urban,260-district (Ghana 2019-2020 administrative),112.5,31.5,53.0,76.8,66.9,92.6,23.5,42.3,1,NS,-1.68,Not Significant,0.3536,Low,WHO GHO / DHIMS2 2018-2022,Ghana DHS 2014 (spatially disaggregated),Ghana DHS 2014 (spatially disaggregated),Ghana DHS 2014 / JMP,Ghana DHS 2014 / Census 2021,2022,v1.0 | April 2026
98,NORTH DAYI,VOLTA,Transitional Forest-Savannah,260-district (Ghana 2019-2020 administrative),169.7,35.1,37.9,72.4,46.5,69.0,34.4,241.9,1,NS,0.296,Not Significant,0.4792,Moderate,WHO GHO / DHIMS2 2018-2022,Ghana DHS 2014 (spatially disaggregated),Ghana DHS 2014 (spatially disaggregated),Ghana DHS 2014 / JMP,Ghana DHS 2014 / Census 2021,2022,v1.0 | April 2026
99,BEKWAI MUNICIPAL,ASHANTI,Coastal/Urban,260-district (Ghana 2019-2020 administrative),126.7,27.1,54.0,83.0,62.0,53.1,22.9,175.2,0,NS,-1.686,Not Significant,0.2419,Low,WHO GHO / DHIMS2 2018-2022,Ghana DHS 2014 (spatially disaggregated),Ghana DHS 2014 (spatially disaggregated),Ghana DHS 2014 / JMP,Ghana DHS 2014 / Census 2021,2022,v1.0 | April 2026
100,KPANDO MUNICIPAL,VOLTA,Transitional Forest-Savannah,260-district (Ghana 2019-2020 administrative),190.7,28.9,29.9,75.0,45.0,99.2,33.4,152.0,1,NS,0.431,Not Significant,0.5421,Moderate,WHO GHO / DHIMS2 2018-2022,Ghana DHS 2014 (spatially disaggregated),Ghana DHS 2014 (spatially disaggregated),Ghana DHS 2014 / JMP,Ghana DHS 2014 / Census 2021,2022,v1.0 | April 2026
101,BOSOMTWE,ASHANTI,Coastal/Urban,260-district (Ghana 2019-2020 administrative),131.3,17.5,48.1,77.4,59.5,73.4,22.3,101.2,0,NS,-1.874,Not Significant,0.2894,Low,WHO GHO / DHIMS2 2018-2022,Ghana DHS 2014 (spatially disaggregated),Ghana DHS 2014 (spatially disaggregated),Ghana DHS 2014 / JMP,Ghana DHS 2014 / Census 2021,2022,v1.0 | April 2026
102,NORTH TONGU,VOLTA,Transitional Forest-Savannah,260-district (Ghana 2019-2020 administrative),211.4,31.2,37.0,66.1,55.4,91.9,36.4,45.2,1,NS,-1.698,Not Significant,0.5136,Moderate,WHO GHO / DHIMS2 2018-2022,Ghana DHS 2014 (spatially disaggregated),Ghana DHS 2014 (spatially disaggregated),Ghana DHS 2014 / JMP,Ghana DHS 2014 / Census 2021,2022,v1.0 | April 2026
103,CENTRAL TONGU,VOLTA,Transitional Forest-Savannah,260-district (Ghana 2019-2020 administrative),190.6,41.9,39.2,75.1,41.7,110.1,40.2,111.0,1,NS,-0.482,Not Significant,0.5956,Moderate,WHO GHO / DHIMS2 2018-2022,Ghana DHS 2014 (spatially disaggregated),Ghana DHS 2014 (spatially disaggregated),Ghana DHS 2014 / JMP,Ghana DHS 2014 / Census 2021,2022,v1.0 | April 2026
104,MAMPONG MUNICIPAL,ASHANTI,Coastal/Urban,260-district (Ghana 2019-2020 administrative),114.7,29.3,59.9,77.1,59.6,73.8,17.6,71.2,0,NS,-2.198,Coldspot (95%),0.2786,Low,WHO GHO / DHIMS2 2018-2022,Ghana DHS 2014 (spatially disaggregated),Ghana DHS 2014 (spatially disaggregated),Ghana DHS 2014 / JMP,Ghana DHS 2014 / Census 2021,2022,v1.0 | April 2026
105,AJUMAKO-ENYAN-ESSIAM,CENTRAL,Forest,260-district (Ghana 2019-2020 administrative),136.9,44.1,36.5,73.5,65.0,97.0,30.9,125.1,1,NS,-0.319,Not Significant,0.5297,Moderate,WHO GHO / DHIMS2 2018-2022,Ghana DHS 2014 (spatially disaggregated),Ghana DHS 2014 (spatially disaggregated),Ghana DHS 2014 / JMP,Ghana DHS 2014 / Census 2021,2022,v1.0 | April 2026
106,GOMOA WEST,CENTRAL,Forest,260-district (Ghana 2019-2020 administrative),154.1,52.7,27.8,74.4,55.3,119.4,28.8,1058.1,1,NS,-0.375,Not Significant,0.6716,High,WHO GHO / DHIMS2 2018-2022,Ghana DHS 2014 (spatially disaggregated),Ghana DHS 2014 (spatially disaggregated),Ghana DHS 2014 / JMP,Ghana DHS 2014 / Census 2021,2022,v1.0 | April 2026
107,AGONA WEST MUNICIPAL,CENTRAL,Forest,260-district (Ghana 2019-2020 administrative),143.5,45.5,31.8,68.8,49.6,129.8,32.2,94.0,1,NS,-0.542,Not Significant,0.6759,High,WHO GHO / DHIMS2 2018-2022,Ghana DHS 2014 (spatially disaggregated),Ghana DHS 2014 (spatially disaggregated),Ghana DHS 2014 / JMP,Ghana DHS 2014 / Census 2021,2022,v1.0 | April 2026
108,AGONA EAST,CENTRAL,Forest,260-district (Ghana 2019-2020 administrative),140.0,51.5,32.4,75.9,55.5,89.3,32.5,624.3,1,NS,-1.173,Not Significant,0.5859,Moderate,WHO GHO / DHIMS2 2018-2022,Ghana DHS 2014 (spatially disaggregated),Ghana DHS 2014 (spatially disaggregated),Ghana DHS 2014 / JMP,Ghana DHS 2014 / Census 2021,2022,v1.0 | April 2026
109,ASSIN NORTH,CENTRAL,Forest,260-district (Ghana 2019-2020 administrative),144.0,46.4,39.1,74.1,58.7,142.2,27.4,78.4,1,NS,-1.339,Not Significant,0.6215,High,WHO GHO / DHIMS2 2018-2022,Ghana DHS 2014 (spatially disaggregated),Ghana DHS 2014 (spatially disaggregated),Ghana DHS 2014 / JMP,Ghana DHS 2014 / Census 2021,2022,v1.0 | April 2026
110,ASSIN SOUTH,CENTRAL,Forest,260-district (Ghana 2019-2020 administrative),130.2,44.3,36.5,82.9,50.5,115.4,27.9,384.0,1,LH,-0.373,Not Significant,0.5638,Moderate,WHO GHO / DHIMS2 2018-2022,Ghana DHS 2014 (spatially disaggregated),Ghana DHS 2014 (spatially disaggregated),Ghana DHS 2014 / JMP,Ghana DHS 2014 / Census 2021,2022,v1.0 | April 2026
111,ASIKUMA-ODOBEN-BRAKWA,CENTRAL,Forest,260-district (Ghana 2019-2020 administrative),200.5,45.5,32.9,78.4,58.9,139.7,29.7,111.3,1,NS,-0.981,Not Significant,0.6326,High,WHO GHO / DHIMS2 2018-2022,Ghana DHS 2014 (spatially disaggregated),Ghana DHS 2014 (spatially disaggregated),Ghana DHS 2014 / JMP,Ghana DHS 2014 / Census 2021,2022,v1.0 | April 2026
112,EFFUTU MUNICIPAL,CENTRAL,Forest,260-district (Ghana 2019-2020 administrative),165.6,55.4,43.4,75.1,61.6,129.5,32.0,249.4,1,NS,-1.272,Not Significant,0.6148,High,WHO GHO / DHIMS2 2018-2022,Ghana DHS 2014 (spatially disaggregated),Ghana DHS 2014 (spatially disaggregated),Ghana DHS 2014 / JMP,Ghana DHS 2014 / Census 2021,2022,v1.0 | April 2026
113,GOMOA EAST,CENTRAL,Forest,260-district (Ghana 2019-2020 administrative),152.0,49.6,46.5,67.2,56.7,106.1,28.0,412.7,1,NS,-1.126,Not Significant,0.5577,Moderate,WHO GHO / DHIMS2 2018-2022,Ghana DHS 2014 (spatially disaggregated),Ghana DHS 2014 (spatially disaggregated),Ghana DHS 2014 / JMP,Ghana DHS 2014 / Census 2021,2022,v1.0 | April 2026
114,ABURA-ASEBU-KWAMANKESE,CENTRAL,Forest,260-district (Ghana 2019-2020 administrative),158.4,49.0,25.9,76.6,58.6,144.4,27.0,176.9,1,NS,-0.193,Not Significant,0.6946,High,WHO GHO / DHIMS2 2018-2022,Ghana DHS 2014 (spatially disaggregated),Ghana DHS 2014 (spatially disaggregated),Ghana DHS 2014 / JMP,Ghana DHS 2014 / Census 2021,2022,v1.0 | April 2026
115,JOMORO,WESTERN,Forest,260-district (Ghana 2019-2020 administrative),143.3,52.1,39.4,77.0,60.1,95.8,23.9,173.3,1,NS,-0.846,Not Significant,0.5377,Moderate,WHO GHO / DHIMS2 2018-2022,Ghana DHS 2014 (spatially disaggregated),Ghana DHS 2014 (spatially disaggregated),Ghana DHS 2014 / JMP,Ghana DHS 2014 / Census 2021,2022,v1.0 | April 2026
116,ELLEMBELLE,WESTERN,Forest,260-district (Ghana 2019-2020 administrative),154.2,36.4,41.3,71.1,64.2,70.2,23.5,200.7,1,NS,-1.127,Not Significant,0.4157,Moderate,WHO GHO / DHIMS2 2018-2022,Ghana DHS 2014 (spatially disaggregated),Ghana DHS 2014 (spatially disaggregated),Ghana DHS 2014 / JMP,Ghana DHS 2014 / Census 2021,2022,v1.0 | April 2026
117,DORMAA MUNICIPAL,BONO,Transitional Forest-Savannah,260-district (Ghana 2019-2020 administrative),205.1,40.4,31.7,78.6,34.6,68.0,32.8,99.3,1,NS,-0.052,Not Significant,0.5368,Moderate,WHO GHO / DHIMS2 2018-2022,Ghana DHS 2014 (spatially disaggregated),Ghana DHS 2014 (spatially disaggregated),Ghana DHS 2014 / JMP,Ghana DHS 2014 / Census 2021,2022,v1.0 | April 2026
118,DORMAA WEST,BONO,Transitional Forest-Savannah,260-district (Ghana 2019-2020 administrative),155.4,45.1,38.1,63.9,35.7,114.1,33.5,137.1,1,NS,-0.29,Not Significant,0.6626,High,WHO GHO / DHIMS2 2018-2022,Ghana DHS 2014 (spatially disaggregated),Ghana DHS 2014 (spatially disaggregated),Ghana DHS 2014 / JMP,Ghana DHS 2014 / Census 2021,2022,v1.0 | April 2026
119,NADOWLI-KALEO,UPPER WEST,Guinea/Sudan Savannah,260-district (Ghana 2019-2020 administrative),330.4,55.9,11.9,50.4,30.1,152.7,48.8,196.7,1,HH,4.72,Priority-1 Hotspot (99.9%),1.0,Very High,WHO GHO / DHIMS2 2018-2022,Ghana DHS 2014 (spatially disaggregated),Ghana DHS 2014 (spatially disaggregated),Ghana DHS 2014 / JMP,Ghana DHS 2014 / Census 2021,2022,v1.0 | April 2026
120,PRESTEA/HUNI VALLEY,WESTERN,Forest,260-district (Ghana 2019-2020 administrative),123.5,51.3,39.5,82.0,58.2,99.9,26.9,212.3,1,NS,-0.953,Not Significant,0.5346,Moderate,WHO GHO / DHIMS2 2018-2022,Ghana DHS 2014 (spatially disaggregated),Ghana DHS 2014 (spatially disaggregated),Ghana DHS 2014 / JMP,Ghana DHS 2014 / Census 2021,2022,v1.0 | April 2026
121,AHANTA WEST MUNICIPAL,WESTERN,Forest,260-district (Ghana 2019-2020 administrative),148.5,50.6,41.8,79.6,55.2,114.6,23.2,626.9,1,NS,-0.917,Not Significant,0.5569,Moderate,WHO GHO / DHIMS2 2018-2022,Ghana DHS 2014 (spatially disaggregated),Ghana DHS 2014 (spatially disaggregated),Ghana DHS 2014 / JMP,Ghana DHS 2014 / Census 2021,2022,v1.0 | April 2026
122,DAFFIAMA BUSSIE ISSA,UPPER WEST,Guinea/Sudan Savannah,260-district (Ghana 2019-2020 administrative),273.8,53.7,25.1,50.5,36.3,139.2,48.2,32.7,1,HH,5.216,Priority-1 Hotspot (99.9%),0.8826,Very High,WHO GHO / DHIMS2 2018-2022,Ghana DHS 2014 (spatially disaggregated),Ghana DHS 2014 (spatially disaggregated),Ghana DHS 2014 / JMP,Ghana DHS 2014 / Census 2021,2022,v1.0 | April 2026
123,NZEMA EAST,WESTERN,Forest,260-district (Ghana 2019-2020 administrative),134.0,28.1,27.5,79.9,61.3,99.4,22.3,142.9,0,NS,-1.013,Not Significant,0.4784,Moderate,WHO GHO / DHIMS2 2018-2022,Ghana DHS 2014 (spatially disaggregated),Ghana DHS 2014 (spatially disaggregated),Ghana DHS 2014 / JMP,Ghana DHS 2014 / Census 2021,2022,v1.0 | April 2026
124,LAWRA,UPPER WEST,Guinea/Sudan Savannah,260-district (Ghana 2019-2020 administrative),274.9,55.3,36.1,59.9,28.9,149.4,50.1,29.0,1,HH,5.26,Priority-1 Hotspot (99.9%),0.8447,Very High,WHO GHO / DHIMS2 2018-2022,Ghana DHS 2014 (spatially disaggregated),Ghana DHS 2014 (spatially disaggregated),Ghana DHS 2014 / JMP,Ghana DHS 2014 / Census 2021,2022,v1.0 | April 2026
125,NANDOM,UPPER WEST,Guinea/Sudan Savannah,260-district (Ghana 2019-2020 administrative),267.6,58.2,16.1,52.9,43.0,158.6,47.8,234.6,1,HH,5.301,Priority-1 Hotspot (99.9%),0.9616,Very High,WHO GHO / DHIMS2 2018-2022,Ghana DHS 2014 (spatially disaggregated),Ghana DHS 2014 (spatially disaggregated),Ghana DHS 2014 / JMP,Ghana DHS 2014 / Census 2021,2022,v1.0 | April 2026
126,TARKWA NSUAEM,WESTERN,Forest,260-district (Ghana 2019-2020 administrative),158.5,48.1,40.7,71.4,60.7,98.9,27.9,246.7,1,NS,-1.13,Not Significant,0.5426,Moderate,WHO GHO / DHIMS2 2018-2022,Ghana DHS 2014 (spatially disaggregated),Ghana DHS 2014 (spatially disaggregated),Ghana DHS 2014 / JMP,Ghana DHS 2014 / Census 2021,2022,v1.0 | April 2026
127,TALENSI,UPPER EAST,Guinea/Sudan Savannah,260-district (Ghana 2019-2020 administrative),218.9,19.5,62.9,62.4,56.6,116.7,40.3,173.9,1,HL,2.428,Hotspot (95%),0.3952,Low,WHO GHO / DHIMS2 2018-2022,Ghana DHS 2014 (spatially disaggregated),Ghana DHS 2014 (spatially disaggregated),Ghana DHS 2014 / JMP,Ghana DHS 2014 / Census 2021,2022,v1.0 | April 2026
128,SEFWI AKONTOMBRA,WESTERN NORTH,Forest,260-district (Ghana 2019-2020 administrative),135.2,40.2,37.1,76.3,57.6,87.4,26.0,823.7,1,NS,-0.574,Not Significant,0.4897,Moderate,WHO GHO / DHIMS2 2018-2022,Ghana DHS 2014 (spatially disaggregated),Ghana DHS 2014 (spatially disaggregated),Ghana DHS 2014 / JMP,Ghana DHS 2014 / Census 2021,2022,v1.0 | April 2026
129,EFFIA KWESIMINTSIM MUNICIPAL,WESTERN,Forest,260-district (Ghana 2019-2020 administrative),162.8,45.2,40.5,76.0,60.1,77.7,24.4,39.1,1,NS,-0.976,Not Significant,0.4696,Moderate,WHO GHO / DHIMS2 2018-2022,Ghana DHS 2014 (spatially disaggregated),Ghana DHS 2014 (spatially disaggregated),Ghana DHS 2014 / JMP,Ghana DHS 2014 / Census 2021,2022,v1.0 | April 2026
130,NABDAM,UPPER EAST,Guinea/Sudan Savannah,260-district (Ghana 2019-2020 administrative),204.1,26.6,48.5,70.6,33.5,105.0,35.8,343.0,1,HL,1.548,Not Significant,0.4953,Moderate,WHO GHO / DHIMS2 2018-2022,Ghana DHS 2014 (spatially disaggregated),Ghana DHS 2014 (spatially disaggregated),Ghana DHS 2014 / JMP,Ghana DHS 2014 / Census 2021,2022,v1.0 | April 2026
131,BUILSA SOUTH,UPPER EAST,Guinea/Sudan Savannah,260-district (Ghana 2019-2020 administrative),233.4,19.9,61.0,61.0,40.9,140.3,37.1,42.1,1,HL,2.914,Hotspot (99%),0.4874,Moderate,WHO GHO / DHIMS2 2018-2022,Ghana DHS 2014 (spatially disaggregated),Ghana DHS 2014 (spatially disaggregated),Ghana DHS 2014 / JMP,Ghana DHS 2014 / Census 2021,2022,v1.0 | April 2026
132,BUILSA NORTH,UPPER EAST,Guinea/Sudan Savannah,260-district (Ghana 2019-2020 administrative),228.7,31.0,47.4,63.6,45.6,130.9,33.4,86.7,1,HL,2.252,Hotspot (95%),0.5622,Moderate,WHO GHO / DHIMS2 2018-2022,Ghana DHS 2014 (spatially disaggregated),Ghana DHS 2014 (spatially disaggregated),Ghana DHS 2014 / JMP,Ghana DHS 2014 / Census 2021,2022,v1.0 | April 2026
133,BINDURI,UPPER EAST,Guinea/Sudan Savannah,260-district (Ghana 2019-2020 administrative),194.4,29.7,56.7,59.0,47.5,84.3,38.5,36.9,1,HL,1.824,Not Significant,0.4391,Moderate,WHO GHO / DHIMS2 2018-2022,Ghana DHS 2014 (spatially disaggregated),Ghana DHS 2014 (spatially disaggregated),Ghana DHS 2014 / JMP,Ghana DHS 2014 / Census 2021,2022,v1.0 | April 2026
134,PUSIGA,UPPER EAST,Guinea/Sudan Savannah,260-district (Ghana 2019-2020 administrative),186.7,16.0,42.0,68.2,38.8,132.2,35.0,217.4,1,HL,2.735,Hotspot (99%),0.5258,Moderate,WHO GHO / DHIMS2 2018-2022,Ghana DHS 2014 (spatially disaggregated),Ghana DHS 2014 (spatially disaggregated),Ghana DHS 2014 / JMP,Ghana DHS 2014 / Census 2021,2022,v1.0 | April 2026
135,BAWKU MUNICIPAL,UPPER EAST,Guinea/Sudan Savannah,260-district (Ghana 2019-2020 administrative),196.8,15.0,60.4,58.2,31.2,120.6,39.6,293.0,1,HL,2.182,Hotspot (95%),0.4654,Moderate,WHO GHO / DHIMS2 2018-2022,Ghana DHS 2014 (spatially disaggregated),Ghana DHS 2014 (spatially disaggregated),Ghana DHS 2014 / JMP,Ghana DHS 2014 / Census 2021,2022,v1.0 | April 2026
136,NORTH GONJA,SAVANNAH,Guinea/Sudan Savannah,260-district (Ghana 2019-2020 administrative),258.0,54.3,26.9,69.2,35.8,147.5,51.3,179.7,1,HH,5.324,Priority-1 Hotspot (99.9%),0.8378,Very High,WHO GHO / DHIMS2 2018-2022,Ghana DHS 2014 (spatially disaggregated),Ghana DHS 2014 (spatially disaggregated),Ghana DHS 2014 / JMP,Ghana DHS 2014 / Census 2021,2022,v1.0 | April 2026
137,WEST GONJA,SAVANNAH,Guinea/Sudan Savannah,260-district (Ghana 2019-2020 administrative),260.5,55.2,28.9,56.5,38.2,141.8,50.4,139.1,1,HH,4.313,Priority-1 Hotspot (99.9%),0.8554,Very High,WHO GHO / DHIMS2 2018-2022,Ghana DHS 2014 (spatially disaggregated),Ghana DHS 2014 (spatially disaggregated),Ghana DHS 2014 / JMP,Ghana DHS 2014 / Census 2021,2022,v1.0 | April 2026
138,MION,NORTHERN,Guinea/Sudan Savannah,260-district (Ghana 2019-2020 administrative),287.1,48.6,36.0,60.4,42.2,94.6,57.6,132.7,1,HH,5.329,Priority-1 Hotspot (99.9%),0.6887,High,WHO GHO / DHIMS2 2018-2022,Ghana DHS 2014 (spatially disaggregated),Ghana DHS 2014 (spatially disaggregated),Ghana DHS 2014 / JMP,Ghana DHS 2014 / Census 2021,2022,v1.0 | April 2026
139,YENDI MUNICIPAL,NORTHERN,Guinea/Sudan Savannah,260-district (Ghana 2019-2020 administrative),314.9,54.4,33.6,52.0,30.8,166.7,50.7,176.6,1,HH,5.119,Priority-1 Hotspot (99.9%),0.9089,Very High,WHO GHO / DHIMS2 2018-2022,Ghana DHS 2014 (spatially disaggregated),Ghana DHS 2014 (spatially disaggregated),Ghana DHS 2014 / JMP,Ghana DHS 2014 / Census 2021,2022,v1.0 | April 2026
140,TOLON,NORTHERN,Guinea/Sudan Savannah,260-district (Ghana 2019-2020 administrative),308.5,63.6,29.9,60.5,52.0,137.1,51.9,344.0,1,HH,5.111,Priority-1 Hotspot (99.9%),0.8377,Very High,WHO GHO / DHIMS2 2018-2022,Ghana DHS 2014 (spatially disaggregated),Ghana DHS 2014 (spatially disaggregated),Ghana DHS 2014 / JMP,Ghana DHS 2014 / Census 2021,2022,v1.0 | April 2026
141,KUMBUNGU,NORTHERN,Guinea/Sudan Savannah,260-district (Ghana 2019-2020 administrative),314.8,67.7,33.8,51.4,46.6,120.8,52.2,81.2,1,HH,5.183,Priority-1 Hotspot (99.9%),0.8484,Very High,WHO GHO / DHIMS2 2018-2022,Ghana DHS 2014 (spatially disaggregated),Ghana DHS 2014 (spatially disaggregated),Ghana DHS 2014 / JMP,Ghana DHS 2014 / Census 2021,2022,v1.0 | April 2026
142,WEST MAMPRUSI MUNICIPAL,NORTHERN EAST,Guinea/Sudan Savannah,260-district (Ghana 2019-2020 administrative),270.4,60.1,32.8,62.6,49.1,139.8,48.2,320.9,1,HH,3.756,Priority-1 Hotspot (99.9%),0.806,Very High,WHO GHO / DHIMS2 2018-2022,Ghana DHS 2014 (spatially disaggregated),Ghana DHS 2014 (spatially disaggregated),Ghana DHS 2014 / JMP,Ghana DHS 2014 / Census 2021,2022,v1.0 | April 2026
143,MAMPRUGU MOAGDURI,NORTHERN EAST,Guinea/Sudan Savannah,260-district (Ghana 2019-2020 administrative),302.0,50.7,35.0,64.3,35.7,153.6,48.5,164.1,1,HH,4.156,Priority-1 Hotspot (99.9%),0.8044,Very High,WHO GHO / DHIMS2 2018-2022,Ghana DHS 2014 (spatially disaggregated),Ghana DHS 2014 (spatially disaggregated),Ghana DHS 2014 / JMP,Ghana DHS 2014 / Census 2021,2022,v1.0 | April 2026
144,ZABZUGU,NORTHERN,Guinea/Sudan Savannah,260-district (Ghana 2019-2020 administrative),280.3,60.7,19.9,49.7,46.4,125.3,48.3,26.5,1,HH,5.497,Priority-1 Hotspot (99.9%),0.8933,Very High,WHO GHO / DHIMS2 2018-2022,Ghana DHS 2014 (spatially disaggregated),Ghana DHS 2014 (spatially disaggregated),Ghana DHS 2014 / JMP,Ghana DHS 2014 / Census 2021,2022,v1.0 | April 2026
145,TATALE SANGULI,NORTHERN,Guinea/Sudan Savannah,260-district (Ghana 2019-2020 administrative),267.7,52.7,41.8,64.4,30.4,171.8,54.2,114.4,1,HL,5.135,Priority-1 Hotspot (99.9%),0.8366,Very High,WHO GHO / DHIMS2 2018-2022,Ghana DHS 2014 (spatially disaggregated),Ghana DHS 2014 (spatially disaggregated),Ghana DHS 2014 / JMP,Ghana DHS 2014 / Census 2021,2022,v1.0 | April 2026
146,SENE EAST,BONO EAST,Transitional Forest-Savannah,260-district (Ghana 2019-2020 administrative),123.0,55.8,24.2,55.9,50.4,141.6,34.4,233.0,1,LH,1.068,Not Significant,0.8279,Very High,WHO GHO / DHIMS2 2018-2022,Ghana DHS 2014 (spatially disaggregated),Ghana DHS 2014 (spatially disaggregated),Ghana DHS 2014 / JMP,Ghana DHS 2014 / Census 2021,2022,v1.0 | April 2026
147,BIBIANI-ANHWIASO-BEKWAI MUNICIPAL,WESTERN NORTH,Forest,260-district (Ghana 2019-2020 administrative),153.9,48.2,45.8,75.5,54.6,95.1,23.8,118.6,1,NS,-1.352,Not Significant,0.504,Moderate,WHO GHO / DHIMS2 2018-2022,Ghana DHS 2014 (spatially disaggregated),Ghana DHS 2014 (spatially disaggregated),Ghana DHS 2014 / JMP,Ghana DHS 2014 / Census 2021,2022,v1.0 | April 2026
148,SENE WEST,BONO EAST,Transitional Forest-Savannah,260-district (Ghana 2019-2020 administrative),137.5,41.5,27.4,59.2,44.5,125.9,33.0,42.2,1,NS,-0.335,Not Significant,0.7163,High,WHO GHO / DHIMS2 2018-2022,Ghana DHS 2014 (spatially disaggregated),Ghana DHS 2014 (spatially disaggregated),Ghana DHS 2014 / JMP,Ghana DHS 2014 / Census 2021,2022,v1.0 | April 2026
149,UPPER DENKYIRA EAST MUNICIPAL,CENTRAL,Forest,260-district (Ghana 2019-2020 administrative),137.2,54.3,28.9,70.8,58.0,97.5,28.2,51.0,1,NS,-1.426,Not Significant,0.6356,High,WHO GHO / DHIMS2 2018-2022,Ghana DHS 2014 (spatially disaggregated),Ghana DHS 2014 (spatially disaggregated),Ghana DHS 2014 / JMP,Ghana DHS 2014 / Census 2021,2022,v1.0 | April 2026
150,ASUTIFI NORTH,AHAFO,Transitional Forest-Savannah,260-district (Ghana 2019-2020 administrative),151.9,43.4,24.5,69.5,45.0,106.3,29.8,442.0,1,NS,0.228,Not Significant,0.6612,High,WHO GHO / DHIMS2 2018-2022,Ghana DHS 2014 (spatially disaggregated),Ghana DHS 2014 (spatially disaggregated),Ghana DHS 2014 / JMP,Ghana DHS 2014 / Census 2021,2022,v1.0 | April 2026
151,AHAFO ANO NORTH,ASHANTI,Coastal/Urban,260-district (Ghana 2019-2020 administrative),121.5,18.0,48.3,83.5,62.8,78.6,19.5,87.3,0,NS,-0.684,Not Significant,0.2685,Low,WHO GHO / DHIMS2 2018-2022,Ghana DHS 2014 (spatially disaggregated),Ghana DHS 2014 (spatially disaggregated),Ghana DHS 2014 / JMP,Ghana DHS 2014 / Census 2021,2022,v1.0 | April 2026
152,AMANSIE CENTRAL,ASHANTI,Coastal/Urban,260-district (Ghana 2019-2020 administrative),103.2,31.1,37.3,76.0,57.5,91.4,20.7,402.7,1,LH,-1.643,Not Significant,0.4468,Moderate,WHO GHO / DHIMS2 2018-2022,Ghana DHS 2014 (spatially disaggregated),Ghana DHS 2014 (spatially disaggregated),Ghana DHS 2014 / JMP,Ghana DHS 2014 / Census 2021,2022,v1.0 | April 2026
153,AMANSIE WEST,ASHANTI,Coastal/Urban,260-district (Ghana 2019-2020 administrative),111.9,22.3,40.6,93.1,54.2,82.6,23.5,206.7,0,NS,-1.956,Not Significant,0.3294,Low,WHO GHO / DHIMS2 2018-2022,Ghana DHS 2014 (spatially disaggregated),Ghana DHS 2014 (spatially disaggregated),Ghana DHS 2014 / JMP,Ghana DHS 2014 / Census 2021,2022,v1.0 | April 2026
154,ASUTIFI SOUTH,AHAFO,Transitional Forest-Savannah,260-district (Ghana 2019-2020 administrative),158.9,40.7,37.6,66.0,51.8,131.2,27.5,49.6,1,NS,-0.595,Not Significant,0.6239,High,WHO GHO / DHIMS2 2018-2022,Ghana DHS 2014 (spatially disaggregated),Ghana DHS 2014 (spatially disaggregated),Ghana DHS 2014 / JMP,Ghana DHS 2014 / Census 2021,2022,v1.0 | April 2026
155,TECHIMAN MUNICIPAL,BONO EAST,Transitional Forest-Savannah,260-district (Ghana 2019-2020 administrative),166.4,57.6,28.9,75.6,54.9,96.7,31.9,546.1,1,NS,0.067,Not Significant,0.647,High,WHO GHO / DHIMS2 2018-2022,Ghana DHS 2014 (spatially disaggregated),Ghana DHS 2014 (spatially disaggregated),Ghana DHS 2014 / JMP,Ghana DHS 2014 / Census 2021,2022,v1.0 | April 2026
156,UPPER DENKYIRA WEST,CENTRAL,Forest,260-district (Ghana 2019-2020 administrative),148.2,47.5,32.1,66.0,49.6,93.6,28.0,80.2,1,NS,-1.758,Not Significant,0.6156,High,WHO GHO / DHIMS2 2018-2022,Ghana DHS 2014 (spatially disaggregated),Ghana DHS 2014 (spatially disaggregated),Ghana DHS 2014 / JMP,Ghana DHS 2014 / Census 2021,2022,v1.0 | April 2026
157,TECHIMAN NORTH,BONO EAST,Transitional Forest-Savannah,260-district (Ghana 2019-2020 administrative),172.2,32.8,37.9,70.8,29.2,110.6,33.9,56.4,1,NS,0.201,Not Significant,0.5933,Moderate,WHO GHO / DHIMS2 2018-2022,Ghana DHS 2014 (spatially disaggregated),Ghana DHS 2014 (spatially disaggregated),Ghana DHS 2014 / JMP,Ghana DHS 2014 / Census 2021,2022,v1.0 | April 2026
158,CAPE COAST METROPOLITAN,CENTRAL,Forest,260-district (Ghana 2019-2020 administrative),185.1,51.2,31.2,71.8,58.0,113.1,29.5,71.1,1,NS,-0.643,Not Significant,0.6391,High,WHO GHO / DHIMS2 2018-2022,Ghana DHS 2014 (spatially disaggregated),Ghana DHS 2014 (spatially disaggregated),Ghana DHS 2014 / JMP,Ghana DHS 2014 / Census 2021,2022,v1.0 | April 2026
159,KOMENDA-EDINA-EGUAFO-ABIREM MUNICIPAL,CENTRAL,Forest,260-district (Ghana 2019-2020 administrative),158.0,40.2,35.9,66.7,49.0,130.5,31.2,241.6,1,NS,-0.417,Not Significant,0.6391,High,WHO GHO / DHIMS2 2018-2022,Ghana DHS 2014 (spatially disaggregated),Ghana DHS 2014 (spatially disaggregated),Ghana DHS 2014 / JMP,Ghana DHS 2014 / Census 2021,2022,v1.0 | April 2026
160,BANDA,BONO,Transitional Forest-Savannah,260-district (Ghana 2019-2020 administrative),154.0,38.9,45.8,68.2,60.9,106.9,32.1,115.9,1,NS,0.876,Not Significant,0.5075,Moderate,WHO GHO / DHIMS2 2018-2022,Ghana DHS 2014 (spatially disaggregated),Ghana DHS 2014 (spatially disaggregated),Ghana DHS 2014 / JMP,Ghana DHS 2014 / Census 2021,2022,v1.0 | April 2026
161,SEFWI-WIAWSO,WESTERN NORTH,Forest,260-district (Ghana 2019-2020 administrative),147.0,42.2,45.4,79.5,48.4,76.0,20.6,222.8,1,NS,-0.831,Not Significant,0.4372,Moderate,WHO GHO / DHIMS2 2018-2022,Ghana DHS 2014 (spatially disaggregated),Ghana DHS 2014 (spatially disaggregated),Ghana DHS 2014 / JMP,Ghana DHS 2014 / Census 2021,2022,v1.0 | April 2026
162,JAMAN NORTH,BONO,Transitional Forest-Savannah,260-district (Ghana 2019-2020 administrative),153.8,27.9,39.2,82.3,44.7,113.6,31.7,137.1,1,NS,0.407,Not Significant,0.4932,Moderate,WHO GHO / DHIMS2 2018-2022,Ghana DHS 2014 (spatially disaggregated),Ghana DHS 2014 (spatially disaggregated),Ghana DHS 2014 / JMP,Ghana DHS 2014 / Census 2021,2022,v1.0 | April 2026
163,ASUNAFO SOUTH,AHAFO,Transitional Forest-Savannah,260-district (Ghana 2019-2020 administrative),177.4,39.8,39.3,68.8,40.4,112.9,28.6,81.1,1,NS,-0.882,Not Significant,0.5948,Moderate,WHO GHO / DHIMS2 2018-2022,Ghana DHS 2014 (spatially disaggregated),Ghana DHS 2014 (spatially disaggregated),Ghana DHS 2014 / JMP,Ghana DHS 2014 / Census 2021,2022,v1.0 | April 2026
164,TAIN,BONO,Transitional Forest-Savannah,260-district (Ghana 2019-2020 administrative),185.3,35.4,36.3,67.2,52.3,108.1,31.4,285.5,1,NS,0.242,Not Significant,0.5628,Moderate,WHO GHO / DHIMS2 2018-2022,Ghana DHS 2014 (spatially disaggregated),Ghana DHS 2014 (spatially disaggregated),Ghana DHS 2014 / JMP,Ghana DHS 2014 / Census 2021,2022,v1.0 | April 2026
165,NKORANZA SOUTH,BONO EAST,Transitional Forest-Savannah,260-district (Ghana 2019-2020 administrative),193.0,45.4,35.4,57.9,35.7,100.4,28.4,127.8,1,NS,-1.314,Not Significant,0.6618,High,WHO GHO / DHIMS2 2018-2022,Ghana DHS 2014 (spatially disaggregated),Ghana DHS 2014 (spatially disaggregated),Ghana DHS 2014 / JMP,Ghana DHS 2014 / Census 2021,2022,v1.0 | April 2026
166,SEKYERE KUMAWU,ASHANTI,Coastal/Urban,260-district (Ghana 2019-2020 administrative),120.7,23.8,46.7,83.1,63.0,48.4,18.8,132.3,0,NS,-2.214,Coldspot (95%),0.2443,Low,WHO GHO / DHIMS2 2018-2022,Ghana DHS 2014 (spatially disaggregated),Ghana DHS 2014 (spatially disaggregated),Ghana DHS 2014 / JMP,Ghana DHS 2014 / Census 2021,2022,v1.0 | April 2026
167,BOLE,SAVANNAH,Guinea/Sudan Savannah,260-district (Ghana 2019-2020 administrative),233.2,60.0,41.7,64.0,31.6,163.4,48.7,113.3,1,NS,1.188,Not Significant,0.8436,Very High,WHO GHO / DHIMS2 2018-2022,Ghana DHS 2014 (spatially disaggregated),Ghana DHS 2014 (spatially disaggregated),Ghana DHS 2014 / JMP,Ghana DHS 2014 / Census 2021,2022,v1.0 | April 2026
168,SEKYERE AFRAM PLAINS NORTH,ASHANTI,Coastal/Urban,260-district (Ghana 2019-2020 administrative),112.6,18.8,44.2,81.2,63.6,78.0,22.9,384.7,0,NS,-1.304,Not Significant,0.3028,Low,WHO GHO / DHIMS2 2018-2022,Ghana DHS 2014 (spatially disaggregated),Ghana DHS 2014 (spatially disaggregated),Ghana DHS 2014 / JMP,Ghana DHS 2014 / Census 2021,2022,v1.0 | April 2026
169,ASANTE AKIM NORTH,ASHANTI,Coastal/Urban,260-district (Ghana 2019-2020 administrative),131.4,11.7,26.9,85.8,52.9,74.6,18.1,35.1,0,LH,-1.713,Not Significant,0.3508,Low,WHO GHO / DHIMS2 2018-2022,Ghana DHS 2014 (spatially disaggregated),Ghana DHS 2014 (spatially disaggregated),Ghana DHS 2014 / JMP,Ghana DHS 2014 / Census 2021,2022,v1.0 | April 2026
170,ASANTE AKIM CENTRAL MUNICIPAL,ASHANTI,Coastal/Urban,260-district (Ghana 2019-2020 administrative),126.5,25.2,42.7,64.7,58.7,83.9,17.2,171.9,0,NS,-2.096,Coldspot (95%),0.4066,Moderate,WHO GHO / DHIMS2 2018-2022,Ghana DHS 2014 (spatially disaggregated),Ghana DHS 2014 (spatially disaggregated),Ghana DHS 2014 / JMP,Ghana DHS 2014 / Census 2021,2022,v1.0 | April 2026
171,KINTAMPO NORTH MUNICIPAL,BONO EAST,Transitional Forest-Savannah,260-district (Ghana 2019-2020 administrative),167.7,45.6,36.3,60.0,51.6,102.6,30.2,70.3,1,NS,1.8,Not Significant,0.6222,High,WHO GHO / DHIMS2 2018-2022,Ghana DHS 2014 (spatially disaggregated),Ghana DHS 2014 (spatially disaggregated),Ghana DHS 2014 / JMP,Ghana DHS 2014 / Census 2021,2022,v1.0 | April 2026
172,ASOKORE MAMPONG MUNICIPAL,ASHANTI,Coastal/Urban,260-district (Ghana 2019-2020 administrative),114.7,15.3,45.9,90.5,52.9,53.8,26.0,125.5,0,NS,-1.905,Not Significant,0.2308,Low,WHO GHO / DHIMS2 2018-2022,Ghana DHS 2014 (spatially disaggregated),Ghana DHS 2014 (spatially disaggregated),Ghana DHS 2014 / JMP,Ghana DHS 2014 / Census 2021,2022,v1.0 | April 2026
173,ATEBUBU AMANTIN,BONO EAST,Transitional Forest-Savannah,260-district (Ghana 2019-2020 administrative),156.0,48.3,30.5,76.8,47.9,97.7,36.7,91.4,1,NS,-0.827,Not Significant,0.6185,High,WHO GHO / DHIMS2 2018-2022,Ghana DHS 2014 (spatially disaggregated),Ghana DHS 2014 (spatially disaggregated),Ghana DHS 2014 / JMP,Ghana DHS 2014 / Census 2021,2022,v1.0 | April 2026
174,KWADASO MUNICIPAL,ASHANTI,Coastal/Urban,260-district (Ghana 2019-2020 administrative),128.9,22.4,57.7,89.6,62.7,66.7,23.0,86.3,0,NS,-1.865,Not Significant,0.2052,Low,WHO GHO / DHIMS2 2018-2022,Ghana DHS 2014 (spatially disaggregated),Ghana DHS 2014 (spatially disaggregated),Ghana DHS 2014 / JMP,Ghana DHS 2014 / Census 2021,2022,v1.0 | April 2026
175,KPANDAI,NORTHERN,Guinea/Sudan Savannah,260-district (Ghana 2019-2020 administrative),339.4,61.4,25.8,59.4,25.8,123.4,54.9,87.7,1,HH,3.302,Priority-1 Hotspot (99.9%),0.8904,Very High,WHO GHO / DHIMS2 2018-2022,Ghana DHS 2014 (spatially disaggregated),Ghana DHS 2014 (spatially disaggregated),Ghana DHS 2014 / JMP,Ghana DHS 2014 / Census 2021,2022,v1.0 | April 2026
176,EJISU MUNICIPAL,ASHANTI,Coastal/Urban,260-district (Ghana 2019-2020 administrative),107.4,23.8,56.8,84.5,69.5,66.6,17.3,493.3,0,NS,-1.934,Not Significant,0.2073,Low,WHO GHO / DHIMS2 2018-2022,Ghana DHS 2014 (spatially disaggregated),Ghana DHS 2014 (spatially disaggregated),Ghana DHS 2014 / JMP,Ghana DHS 2014 / Census 2021,2022,v1.0 | April 2026
177,NKWANTA NORTH,OTI,Transitional Forest-Savannah,260-district (Ghana 2019-2020 administrative),202.3,36.7,45.1,66.8,43.4,150.5,35.9,311.8,1,NS,4.263,Priority-1 Hotspot (99.9%),0.6366,High,WHO GHO / DHIMS2 2018-2022,Ghana DHS 2014 (spatially disaggregated),Ghana DHS 2014 (spatially disaggregated),Ghana DHS 2014 / JMP,Ghana DHS 2014 / Census 2021,2022,v1.0 | April 2026
178,BIAKOYE,OTI,Transitional Forest-Savannah,260-district (Ghana 2019-2020 administrative),211.4,39.8,46.7,66.5,44.0,134.1,36.7,75.8,1,NS,0.934,Not Significant,0.6121,High,WHO GHO / DHIMS2 2018-2022,Ghana DHS 2014 (spatially disaggregated),Ghana DHS 2014 (spatially disaggregated),Ghana DHS 2014 / JMP,Ghana DHS 2014 / Census 2021,2022,v1.0 | April 2026
179,WASSA AMENFI EAST,WESTERN,Forest,260-district (Ghana 2019-2020 administrative),126.2,30.8,56.6,68.7,54.3,88.8,26.1,285.0,1,NS,-1.373,Not Significant,0.385,Low,WHO GHO / DHIMS2 2018-2022,Ghana DHS 2014 (spatially disaggregated),Ghana DHS 2014 (spatially disaggregated),Ghana DHS 2014 / JMP,Ghana DHS 2014 / Census 2021,2022,v1.0 | April 2026
180,CENTRAL GONJA,SAVANNAH,Guinea/Sudan Savannah,260-district (Ghana 2019-2020 administrative),292.8,52.9,28.2,58.4,31.4,165.1,49.7,267.2,1,HH,4.287,Priority-1 Hotspot (99.9%),0.9017,Very High,WHO GHO / DHIMS2 2018-2022,Ghana DHS 2014 (spatially disaggregated),Ghana DHS 2014 (spatially disaggregated),Ghana DHS 2014 / JMP,Ghana DHS 2014 / Census 2021,2022,v1.0 | April 2026
181,TEMA WEST MUNICIPAL,GREATER ACCRA,Coastal/Urban,260-district (Ghana 2019-2020 administrative),72.2,18.8,56.5,82.6,81.1,48.2,10.1,237.2,0,NS,-4.378,Coldspot (99%),0.1175,Very Low,WHO GHO / DHIMS2 2018-2022,Ghana DHS 2014 (spatially disaggregated),Ghana DHS 2014 (spatially disaggregated),Ghana DHS 2014 / JMP,Ghana DHS 2014 / Census 2021,2022,v1.0 | April 2026
182,ASHAIMAN MUNICIPAL,GREATER ACCRA,Coastal/Urban,260-district (Ghana 2019-2020 administrative),78.4,11.9,57.6,98.0,80.0,97.0,13.4,36.3,0,NS,-4.349,Coldspot (99%),0.1326,Very Low,WHO GHO / DHIMS2 2018-2022,Ghana DHS 2014 (spatially disaggregated),Ghana DHS 2014 (spatially disaggregated),Ghana DHS 2014 / JMP,Ghana DHS 2014 / Census 2021,2022,v1.0 | April 2026
183,PRU EAST,BONO EAST,Transitional Forest-Savannah,260-district (Ghana 2019-2020 administrative),181.6,44.4,45.6,69.8,42.2,86.6,29.6,75.2,1,NS,1.33,Not Significant,0.5281,Moderate,WHO GHO / DHIMS2 2018-2022,Ghana DHS 2014 (spatially disaggregated),Ghana DHS 2014 (spatially disaggregated),Ghana DHS 2014 / JMP,Ghana DHS 2014 / Census 2021,2022,v1.0 | April 2026
184,KPONE KATAMANSO,GREATER ACCRA,Coastal/Urban,260-district (Ghana 2019-2020 administrative),58.7,15.3,68.5,92.8,69.9,64.7,15.3,91.1,0,LL,-4.238,Coldspot (99%),0.075,Very Low,WHO GHO / DHIMS2 2018-2022,Ghana DHS 2014 (spatially disaggregated),Ghana DHS 2014 (spatially disaggregated),Ghana DHS 2014 / JMP,Ghana DHS 2014 / Census 2021,2022,v1.0 | April 2026
185,SAVELUGU,NORTHERN,Guinea/Sudan Savannah,260-district (Ghana 2019-2020 administrative),281.4,60.7,22.4,62.2,34.4,144.3,48.6,104.6,1,HH,5.834,Priority-1 Hotspot (99.9%),0.9049,Very High,WHO GHO / DHIMS2 2018-2022,Ghana DHS 2014 (spatially disaggregated),Ghana DHS 2014 (spatially disaggregated),Ghana DHS 2014 / JMP,Ghana DHS 2014 / Census 2021,2022,v1.0 | April 2026
186,TAMALE METROPOLITAN,NORTHERN,Guinea/Sudan Savannah,260-district (Ghana 2019-2020 administrative),304.5,58.4,42.5,55.9,36.8,152.0,47.0,36.3,1,HH,5.58,Priority-1 Hotspot (99.9%),0.8218,Very High,WHO GHO / DHIMS2 2018-2022,Ghana DHS 2014 (spatially disaggregated),Ghana DHS 2014 (spatially disaggregated),Ghana DHS 2014 / JMP,Ghana DHS 2014 / Census 2021,2022,v1.0 | April 2026
187,SAGNERIGU,NORTHERN,Guinea/Sudan Savannah,260-district (Ghana 2019-2020 administrative),243.8,68.2,24.3,73.6,31.3,140.8,55.9,738.7,1,NS,6.087,Priority-1 Hotspot (99.9%),0.9054,Very High,WHO GHO / DHIMS2 2018-2022,Ghana DHS 2014 (spatially disaggregated),Ghana DHS 2014 (spatially disaggregated),Ghana DHS 2014 / JMP,Ghana DHS 2014 / Census 2021,2022,v1.0 | April 2026
188,KARAGA,NORTHERN,Guinea/Sudan Savannah,260-district (Ghana 2019-2020 administrative),340.7,67.9,36.9,61.9,40.6,129.7,48.8,148.0,1,HH,5.213,Priority-1 Hotspot (99.9%),0.8248,Very High,WHO GHO / DHIMS2 2018-2022,Ghana DHS 2014 (spatially disaggregated),Ghana DHS 2014 (spatially disaggregated),Ghana DHS 2014 / JMP,Ghana DHS 2014 / Census 2021,2022,v1.0 | April 2026
189,NORTH EAST GONJA,SAVANNAH,Guinea/Sudan Savannah,260-district (Ghana 2019-2020 administrative),263.1,53.7,35.1,62.4,33.7,163.2,44.8,127.1,1,HH,4.766,Priority-1 Hotspot (99.9%),0.8408,Very High,WHO GHO / DHIMS2 2018-2022,Ghana DHS 2014 (spatially disaggregated),Ghana DHS 2014 (spatially disaggregated),Ghana DHS 2014 / JMP,Ghana DHS 2014 / Census 2021,2022,v1.0 | April 2026
190,SOUTH DAYI,VOLTA,Transitional Forest-Savannah,260-district (Ghana 2019-2020 administrative),169.9,25.4,37.8,68.0,55.9,98.5,30.2,654.1,1,NS,0.115,Not Significant,0.4778,Moderate,WHO GHO / DHIMS2 2018-2022,Ghana DHS 2014 (spatially disaggregated),Ghana DHS 2014 (spatially disaggregated),Ghana DHS 2014 / JMP,Ghana DHS 2014 / Census 2021,2022,v1.0 | April 2026
191,TEMPANE,UPPER EAST,Guinea/Sudan Savannah,260-district (Ghana 2019-2020 administrative),222.8,26.2,50.6,55.4,39.5,143.3,40.8,510.1,1,NS,2.919,Hotspot (99%),0.6016,High,WHO GHO / DHIMS2 2018-2022,Ghana DHS 2014 (spatially disaggregated),Ghana DHS 2014 (spatially disaggregated),Ghana DHS 2014 / JMP,Ghana DHS 2014 / Census 2021,2022,v1.0 | April 2026
192,BOLGA  EAST,UPPER EAST,Guinea/Sudan Savannah,260-district (Ghana 2019-2020 administrative),183.9,16.0,53.5,50.6,44.4,124.8,33.7,41.4,1,NS,2.375,Hotspot (95%),0.4968,Moderate,WHO GHO / DHIMS2 2018-2022,Ghana DHS 2014 (spatially disaggregated),Ghana DHS 2014 (spatially disaggregated),Ghana DHS 2014 / JMP,Ghana DHS 2014 / Census 2021,2022,v1.0 | April 2026
193,YUNYOO-NASUAN,NORTHERN EAST,Guinea/Sudan Savannah,260-district (Ghana 2019-2020 administrative),284.9,54.9,20.8,42.9,37.6,159.6,53.9,103.0,1,HH,3.274,Hotspot (99%),0.9805,Very High,WHO GHO / DHIMS2 2018-2022,Ghana DHS 2014 (spatially disaggregated),Ghana DHS 2014 (spatially disaggregated),Ghana DHS 2014 / JMP,Ghana DHS 2014 / Census 2021,2022,v1.0 | April 2026
194,NANTON,NORTHERN,Guinea/Sudan Savannah,260-district (Ghana 2019-2020 administrative),268.7,63.4,20.7,60.1,40.6,156.4,51.0,126.1,1,HH,5.776,Priority-1 Hotspot (99.9%),0.9459,Very High,WHO GHO / DHIMS2 2018-2022,Ghana DHS 2014 (spatially disaggregated),Ghana DHS 2014 (spatially disaggregated),Ghana DHS 2014 / JMP,Ghana DHS 2014 / Census 2021,2022,v1.0 | April 2026
195,ASSIN FOSU,CENTRAL,Forest,260-district (Ghana 2019-2020 administrative),139.2,43.7,35.0,74.3,60.5,100.0,32.4,119.5,1,NS,-0.703,Not Significant,0.5514,Moderate,WHO GHO / DHIMS2 2018-2022,Ghana DHS 2014 (spatially disaggregated),Ghana DHS 2014 (spatially disaggregated),Ghana DHS 2014 / JMP,Ghana DHS 2014 / Census 2021,2022,v1.0 | April 2026
196,GOMOA CENTRAL,CENTRAL,Forest,260-district (Ghana 2019-2020 administrative),154.6,44.2,17.4,77.4,59.3,107.8,28.1,224.2,1,NS,-0.657,Not Significant,0.6414,High,WHO GHO / DHIMS2 2018-2022,Ghana DHS 2014 (spatially disaggregated),Ghana DHS 2014 (spatially disaggregated),Ghana DHS 2014 / JMP,Ghana DHS 2014 / Census 2021,2022,v1.0 | April 2026
197,PRU WEST,BONO EAST,Transitional Forest-Savannah,260-district (Ghana 2019-2020 administrative),139.9,38.9,41.7,58.3,45.3,84.7,31.6,144.2,1,NS,0.648,Not Significant,0.5523,Moderate,WHO GHO / DHIMS2 2018-2022,Ghana DHS 2014 (spatially disaggregated),Ghana DHS 2014 (spatially disaggregated),Ghana DHS 2014 / JMP,Ghana DHS 2014 / Census 2021,2022,v1.0 | April 2026
198,BEREKUM WEST,BONO,Transitional Forest-Savannah,260-district (Ghana 2019-2020 administrative),144.0,47.8,30.2,62.4,46.1,118.2,28.5,155.9,1,NS,0.607,Not Significant,0.6947,High,WHO GHO / DHIMS2 2018-2022,Ghana DHS 2014 (spatially disaggregated),Ghana DHS 2014 (spatially disaggregated),Ghana DHS 2014 / JMP,Ghana DHS 2014 / Census 2021,2022,v1.0 | April 2026
199,AHAFO ANO SOUTH WEST,ASHANTI,Coastal/Urban,260-district (Ghana 2019-2020 administrative),125.1,24.8,48.7,78.0,56.7,79.3,18.4,14.3,0,NS,-1.183,Not Significant,0.3293,Low,WHO GHO / DHIMS2 2018-2022,Ghana DHS 2014 (spatially disaggregated),Ghana DHS 2014 (spatially disaggregated),Ghana DHS 2014 / JMP,Ghana DHS 2014 / Census 2021,2022,v1.0 | April 2026
200,AMANSIE SOUTH,ASHANTI,Coastal/Urban,260-district (Ghana 2019-2020 administrative),125.2,26.0,28.4,74.1,66.8,108.9,21.7,82.9,0,LH,-1.692,Not Significant,0.488,Moderate,WHO GHO / DHIMS2 2018-2022,Ghana DHS 2014 (spatially disaggregated),Ghana DHS 2014 (spatially disaggregated),Ghana DHS 2014 / JMP,Ghana DHS 2014 / Census 2021,2022,v1.0 | April 2026
201,ATWIMA NWABIAGYA NORTH,ASHANTI,Coastal/Urban,260-district (Ghana 2019-2020 administrative),117.8,28.8,42.1,75.4,59.1,63.7,22.0,544.4,0,NS,-1.959,Not Significant,0.3593,Low,WHO GHO / DHIMS2 2018-2022,Ghana DHS 2014 (spatially disaggregated),Ghana DHS 2014 (spatially disaggregated),Ghana DHS 2014 / JMP,Ghana DHS 2014 / Census 2021,2022,v1.0 | April 2026
202,ADANSI AKROFUOM,ASHANTI,Coastal/Urban,260-district (Ghana 2019-2020 administrative),123.9,19.1,45.0,70.8,68.7,76.8,21.1,1909.3,0,NS,-1.67,Not Significant,0.3171,Low,WHO GHO / DHIMS2 2018-2022,Ghana DHS 2014 (spatially disaggregated),Ghana DHS 2014 (spatially disaggregated),Ghana DHS 2014 / JMP,Ghana DHS 2014 / Census 2021,2022,v1.0 | April 2026
203,ADANSI NORTH,ASHANTI,Coastal/Urban,260-district (Ghana 2019-2020 administrative),123.6,16.1,43.9,87.1,63.3,56.4,24.4,87.0,0,NS,-1.884,Not Significant,0.234,Low,WHO GHO / DHIMS2 2018-2022,Ghana DHS 2014 (spatially disaggregated),Ghana DHS 2014 (spatially disaggregated),Ghana DHS 2014 / JMP,Ghana DHS 2014 / Census 2021,2022,v1.0 | April 2026
204,OBUASI EAST,ASHANTI,Coastal/Urban,260-district (Ghana 2019-2020 administrative),142.5,27.1,43.7,87.9,63.0,90.8,23.1,75.4,0,NS,-2.033,Coldspot (95%),0.348,Low,WHO GHO / DHIMS2 2018-2022,Ghana DHS 2014 (spatially disaggregated),Ghana DHS 2014 (spatially disaggregated),Ghana DHS 2014 / JMP,Ghana DHS 2014 / Census 2021,2022,v1.0 | April 2026
205,AFIGYA KWABRE NORTH,ASHANTI,Coastal/Urban,260-district (Ghana 2019-2020 administrative),112.3,26.8,44.6,77.8,55.8,84.4,27.8,63.2,0,NS,-2.148,Coldspot (95%),0.3873,Low,WHO GHO / DHIMS2 2018-2022,Ghana DHS 2014 (spatially disaggregated),Ghana DHS 2014 (spatially disaggregated),Ghana DHS 2014 / JMP,Ghana DHS 2014 / Census 2021,2022,v1.0 | April 2026
206,KUMASI METROPOLITAN,ASHANTI,Coastal/Urban,260-district (Ghana 2019-2020 administrative),120.3,29.1,46.7,82.9,55.1,84.4,21.0,326.6,0,NS,-1.882,Not Significant,0.3609,Low,WHO GHO / DHIMS2 2018-2022,Ghana DHS 2014 (spatially disaggregated),Ghana DHS 2014 (spatially disaggregated),Ghana DHS 2014 / JMP,Ghana DHS 2014 / Census 2021,2022,v1.0 | April 2026
207,OFORIKROM MUNICIPAL,ASHANTI,Coastal/Urban,260-district (Ghana 2019-2020 administrative),134.2,36.1,51.9,82.2,63.9,72.7,22.6,117.2,1,NS,-1.838,Not Significant,0.3294,Low,WHO GHO / DHIMS2 2018-2022,Ghana DHS 2014 (spatially disaggregated),Ghana DHS 2014 (spatially disaggregated),Ghana DHS 2014 / JMP,Ghana DHS 2014 / Census 2021,2022,v1.0 | April 2026
208,ASOKWA  MUNICIPAL,ASHANTI,Coastal/Urban,260-district (Ghana 2019-2020 administrative),122.0,28.5,39.2,87.0,71.7,76.2,15.2,91.3,0,NS,-1.812,Not Significant,0.3181,Low,WHO GHO / DHIMS2 2018-2022,Ghana DHS 2014 (spatially disaggregated),Ghana DHS 2014 (spatially disaggregated),Ghana DHS 2014 / JMP,Ghana DHS 2014 / Census 2021,2022,v1.0 | April 2026
209,OLD TAFO MUNICIPAL,ASHANTI,Coastal/Urban,260-district (Ghana 2019-2020 administrative),135.6,20.5,39.3,77.2,68.4,86.2,20.9,110.7,0,NS,-2.022,Coldspot (95%),0.3494,Low,WHO GHO / DHIMS2 2018-2022,Ghana DHS 2014 (spatially disaggregated),Ghana DHS 2014 (spatially disaggregated),Ghana DHS 2014 / JMP,Ghana DHS 2014 / Census 2021,2022,v1.0 | April 2026
210,SUAME MUNICIPAL,ASHANTI,Coastal/Urban,260-district (Ghana 2019-2020 administrative),115.3,15.1,60.2,78.3,71.0,100.8,24.6,105.1,0,NS,-1.843,Not Significant,0.2458,Low,WHO GHO / DHIMS2 2018-2022,Ghana DHS 2014 (spatially disaggregated),Ghana DHS 2014 (spatially disaggregated),Ghana DHS 2014 / JMP,Ghana DHS 2014 / Census 2021,2022,v1.0 | April 2026
211,JUABEN MUNICIPAL,ASHANTI,Coastal/Urban,260-district (Ghana 2019-2020 administrative),124.8,20.5,40.1,82.1,54.2,95.8,20.2,174.3,0,NS,-1.988,Coldspot (95%),0.3795,Low,WHO GHO / DHIMS2 2018-2022,Ghana DHS 2014 (spatially disaggregated),Ghana DHS 2014 (spatially disaggregated),Ghana DHS 2014 / JMP,Ghana DHS 2014 / Census 2021,2022,v1.0 | April 2026
212,ABLEKUMA CENTRAL MUNICIPAL,GREATER ACCRA,Coastal/Urban,260-district (Ghana 2019-2020 administrative),68.1,10.2,59.8,87.6,84.4,37.8,12.1,700.0,0,LL,-4.604,Coldspot (99%),0.0209,Very Low,WHO GHO / DHIMS2 2018-2022,Ghana DHS 2014 (spatially disaggregated),Ghana DHS 2014 (spatially disaggregated),Ghana DHS 2014 / JMP,Ghana DHS 2014 / Census 2021,2022,v1.0 | April 2026
213,KORLE KLOTTEY MUNICIPAL,GREATER ACCRA,Coastal/Urban,260-district (Ghana 2019-2020 administrative),54.2,7.7,59.2,91.5,80.8,65.3,13.6,360.6,0,LL,-4.596,Coldspot (99%),0.0637,Very Low,WHO GHO / DHIMS2 2018-2022,Ghana DHS 2014 (spatially disaggregated),Ghana DHS 2014 (spatially disaggregated),Ghana DHS 2014 / JMP,Ghana DHS 2014 / Census 2021,2022,v1.0 | April 2026
214,ABLEKUMA NORTH MUNICIPAL,GREATER ACCRA,Coastal/Urban,260-district (Ghana 2019-2020 administrative),69.4,10.4,60.5,98.0,77.4,43.4,15.0,134.8,0,LL,-4.611,Coldspot (99%),0.0162,Very Low,WHO GHO / DHIMS2 2018-2022,Ghana DHS 2014 (spatially disaggregated),Ghana DHS 2014 (spatially disaggregated),Ghana DHS 2014 / JMP,Ghana DHS 2014 / Census 2021,2022,v1.0 | April 2026
215,AYAWASO NORTH MUNICIPAL,GREATER ACCRA,Coastal/Urban,260-district (Ghana 2019-2020 administrative),41.5,16.9,50.8,89.9,80.6,60.9,13.8,104.8,0,LL,-4.466,Coldspot (99%),0.1452,Very Low,WHO GHO / DHIMS2 2018-2022,Ghana DHS 2014 (spatially disaggregated),Ghana DHS 2014 (spatially disaggregated),Ghana DHS 2014 / JMP,Ghana DHS 2014 / Census 2021,2022,v1.0 | April 2026
216,AYAWASO EAST MUNICIPAL,GREATER ACCRA,Coastal/Urban,260-district (Ghana 2019-2020 administrative),70.5,10.2,61.0,94.1,71.8,74.3,10.1,283.3,0,NS,-4.628,Coldspot (99%),0.09,Very Low,WHO GHO / DHIMS2 2018-2022,Ghana DHS 2014 (spatially disaggregated),Ghana DHS 2014 (spatially disaggregated),Ghana DHS 2014 / JMP,Ghana DHS 2014 / Census 2021,2022,v1.0 | April 2026
217,OKAIKWEI NORTH MUNICIPAL,GREATER ACCRA,Coastal/Urban,260-district (Ghana 2019-2020 administrative),69.0,22.8,53.3,88.3,78.2,53.5,14.1,40.7,0,LL,-4.593,Coldspot (99%),0.1569,Very Low,WHO GHO / DHIMS2 2018-2022,Ghana DHS 2014 (spatially disaggregated),Ghana DHS 2014 (spatially disaggregated),Ghana DHS 2014 / JMP,Ghana DHS 2014 / Census 2021,2022,v1.0 | April 2026
218,GA NORTH MUNICIPAL,GREATER ACCRA,Coastal/Urban,260-district (Ghana 2019-2020 administrative),53.6,5.4,62.7,98.0,77.6,55.5,11.9,376.0,0,LL,-3.22,Coldspot (99%),0.0,Very Low,WHO GHO / DHIMS2 2018-2022,Ghana DHS 2014 (spatially disaggregated),Ghana DHS 2014 (spatially disaggregated),Ghana DHS 2014 / JMP,Ghana DHS 2014 / Census 2021,2022,v1.0 | April 2026
219,WEIJA GBAWE MUNICIPAL,GREATER ACCRA,Coastal/Urban,260-district (Ghana 2019-2020 administrative),55.0,13.2,62.9,93.4,79.6,73.0,5.0,255.3,0,LL,-3.898,Coldspot (99%),0.0675,Very Low,WHO GHO / DHIMS2 2018-2022,Ghana DHS 2014 (spatially disaggregated),Ghana DHS 2014 (spatially disaggregated),Ghana DHS 2014 / JMP,Ghana DHS 2014 / Census 2021,2022,v1.0 | April 2026
220,KROWOR MUNICIPAL,GREATER ACCRA,Coastal/Urban,260-district (Ghana 2019-2020 administrative),57.9,5.0,59.2,98.0,77.3,72.3,16.5,424.9,0,LL,-4.231,Coldspot (99%),0.0566,Very Low,WHO GHO / DHIMS2 2018-2022,Ghana DHS 2014 (spatially disaggregated),Ghana DHS 2014 (spatially disaggregated),Ghana DHS 2014 / JMP,Ghana DHS 2014 / Census 2021,2022,v1.0 | April 2026
221,TEMA METROPOLITAN,GREATER ACCRA,Coastal/Urban,260-district (Ghana 2019-2020 administrative),82.7,16.3,55.7,80.8,76.6,45.4,18.2,128.9,0,NS,-4.437,Coldspot (99%),0.1345,Very Low,WHO GHO / DHIMS2 2018-2022,Ghana DHS 2014 (spatially disaggregated),Ghana DHS 2014 (spatially disaggregated),Ghana DHS 2014 / JMP,Ghana DHS 2014 / Census 2021,2022,v1.0 | April 2026
222,EAST GONJA MUNICIPAL,SAVANNAH,Guinea/Sudan Savannah,260-district (Ghana 2019-2020 administrative),271.5,59.7,29.8,66.9,28.7,143.9,46.0,51.6,1,HH,1.172,Not Significant,0.8561,Very High,WHO GHO / DHIMS2 2018-2022,Ghana DHS 2014 (spatially disaggregated),Ghana DHS 2014 (spatially disaggregated),Ghana DHS 2014 / JMP,Ghana DHS 2014 / Census 2021,2022,v1.0 | April 2026
223,ABLEKUMA WEST MUNICIPAL,GREATER ACCRA,Coastal/Urban,260-district (Ghana 2019-2020 administrative),58.4,11.6,51.7,86.2,68.5,56.8,7.2,272.6,0,LL,-4.549,Coldspot (99%),0.1372,Very Low,WHO GHO / DHIMS2 2018-2022,Ghana DHS 2014 (spatially disaggregated),Ghana DHS 2014 (spatially disaggregated),Ghana DHS 2014 / JMP,Ghana DHS 2014 / Census 2021,2022,v1.0 | April 2026
224,AYAWASO CENTRAL MUNICIPAL,GREATER ACCRA,Coastal/Urban,260-district (Ghana 2019-2020 administrative),65.9,5.0,52.6,85.9,80.5,78.1,6.1,162.7,0,LL,-4.603,Coldspot (99%),0.1151,Very Low,WHO GHO / DHIMS2 2018-2022,Ghana DHS 2014 (spatially disaggregated),Ghana DHS 2014 (spatially disaggregated),Ghana DHS 2014 / JMP,Ghana DHS 2014 / Census 2021,2022,v1.0 | April 2026
225,ACCRA METROPOLIS,GREATER ACCRA,Coastal/Urban,260-district (Ghana 2019-2020 administrative),63.3,15.8,56.8,85.9,76.1,46.1,14.9,151.0,0,LL,-4.648,Coldspot (99%),0.107,Very Low,WHO GHO / DHIMS2 2018-2022,Ghana DHS 2014 (spatially disaggregated),Ghana DHS 2014 (spatially disaggregated),Ghana DHS 2014 / JMP,Ghana DHS 2014 / Census 2021,2022,v1.0 | April 2026
226,ANLOGA,VOLTA,Transitional Forest-Savannah,260-district (Ghana 2019-2020 administrative),224.9,36.2,32.8,59.6,32.7,65.2,34.1,223.0,1,NS,-0.332,Not Significant,0.5752,Moderate,WHO GHO / DHIMS2 2018-2022,Ghana DHS 2014 (spatially disaggregated),Ghana DHS 2014 (spatially disaggregated),Ghana DHS 2014 / JMP,Ghana DHS 2014 / Census 2021,2022,v1.0 | April 2026
227,SEKONDI TAKORADI METROPOLIS,WESTERN,Forest,260-district (Ghana 2019-2020 administrative),119.1,48.0,36.3,76.2,67.1,106.5,24.4,72.8,1,LH,-0.444,Not Significant,0.5423,Moderate,WHO GHO / DHIMS2 2018-2022,Ghana DHS 2014 (spatially disaggregated),Ghana DHS 2014 (spatially disaggregated),Ghana DHS 2014 / JMP,Ghana DHS 2014 / Census 2021,2022,v1.0 | April 2026
228,KWAHU SOUTH,EASTERN,Forest,260-district (Ghana 2019-2020 administrative),115.7,36.0,40.4,66.0,51.4,98.2,26.0,88.2,1,NS,-0.751,Not Significant,0.5229,Moderate,WHO GHO / DHIMS2 2018-2022,Ghana DHS 2014 (spatially disaggregated),Ghana DHS 2014 (spatially disaggregated),Ghana DHS 2014 / JMP,Ghana DHS 2014 / Census 2021,2022,v1.0 | April 2026
229,ASENE AKROSO MANSO,EASTERN,Forest,260-district (Ghana 2019-2020 administrative),150.5,43.0,33.4,80.4,51.6,97.3,28.8,178.9,1,NS,-0.805,Not Significant,0.5453,Moderate,WHO GHO / DHIMS2 2018-2022,Ghana DHS 2014 (spatially disaggregated),Ghana DHS 2014 (spatially disaggregated),Ghana DHS 2014 / JMP,Ghana DHS 2014 / Census 2021,2022,v1.0 | April 2026
230,UPPER MANYA,EASTERN,Forest,260-district (Ghana 2019-2020 administrative),162.3,42.0,37.2,74.1,44.3,98.6,26.5,125.7,1,NS,-0.705,Not Significant,0.5578,Moderate,WHO GHO / DHIMS2 2018-2022,Ghana DHS 2014 (spatially disaggregated),Ghana DHS 2014 (spatially disaggregated),Ghana DHS 2014 / JMP,Ghana DHS 2014 / Census 2021,2022,v1.0 | April 2026
231,ACHIASE,EASTERN,Forest,260-district (Ghana 2019-2020 administrative),146.1,29.0,37.7,72.5,53.4,81.6,30.4,74.2,1,NS,-0.511,Not Significant,0.4535,Moderate,WHO GHO / DHIMS2 2018-2022,Ghana DHS 2014 (spatially disaggregated),Ghana DHS 2014 (spatially disaggregated),Ghana DHS 2014 / JMP,Ghana DHS 2014 / Census 2021,2022,v1.0 | April 2026
232,OKERE,EASTERN,Forest,260-district (Ghana 2019-2020 administrative),162.5,42.9,36.9,82.6,43.9,110.8,29.6,86.8,1,NS,-1.162,Not Significant,0.5655,Moderate,WHO GHO / DHIMS2 2018-2022,Ghana DHS 2014 (spatially disaggregated),Ghana DHS 2014 (spatially disaggregated),Ghana DHS 2014 / JMP,Ghana DHS 2014 / Census 2021,2022,v1.0 | April 2026
233,YILO KROBO,EASTERN,Forest,260-district (Ghana 2019-2020 administrative),168.9,38.8,44.4,73.5,51.4,109.2,29.0,36.6,1,NS,-0.688,Not Significant,0.5178,Moderate,WHO GHO / DHIMS2 2018-2022,Ghana DHS 2014 (spatially disaggregated),Ghana DHS 2014 (spatially disaggregated),Ghana DHS 2014 / JMP,Ghana DHS 2014 / Census 2021,2022,v1.0 | April 2026
234,ATIWA WEST,EASTERN,Forest,260-district (Ghana 2019-2020 administrative),167.6,30.3,50.4,78.7,44.7,90.8,23.3,125.0,1,NS,-0.759,Not Significant,0.402,Moderate,WHO GHO / DHIMS2 2018-2022,Ghana DHS 2014 (spatially disaggregated),Ghana DHS 2014 (spatially disaggregated),Ghana DHS 2014 / JMP,Ghana DHS 2014 / Census 2021,2022,v1.0 | April 2026
235,NEW JUABEN NORTH MUNICIPAL,EASTERN,Forest,260-district (Ghana 2019-2020 administrative),143.4,45.0,52.6,80.3,48.4,93.9,21.6,77.9,1,NS,-0.336,Not Significant,0.4481,Moderate,WHO GHO / DHIMS2 2018-2022,Ghana DHS 2014 (spatially disaggregated),Ghana DHS 2014 (spatially disaggregated),Ghana DHS 2014 / JMP,Ghana DHS 2014 / Census 2021,2022,v1.0 | April 2026
236,FANTEAKWA NORTH,EASTERN,Forest,260-district (Ghana 2019-2020 administrative),162.5,50.0,32.2,68.3,52.1,101.2,24.2,208.4,1,NS,-1.015,Not Significant,0.6216,High,WHO GHO / DHIMS2 2018-2022,Ghana DHS 2014 (spatially disaggregated),Ghana DHS 2014 (spatially disaggregated),Ghana DHS 2014 / JMP,Ghana DHS 2014 / Census 2021,2022,v1.0 | April 2026
237,BIRIM NORTH,EASTERN,Forest,260-district (Ghana 2019-2020 administrative),140.9,40.2,46.5,71.9,49.2,95.4,26.4,110.4,1,NS,-1.537,Not Significant,0.4929,Moderate,WHO GHO / DHIMS2 2018-2022,Ghana DHS 2014 (spatially disaggregated),Ghana DHS 2014 (spatially disaggregated),Ghana DHS 2014 / JMP,Ghana DHS 2014 / Census 2021,2022,v1.0 | April 2026
238,ASUOGYAMAN,EASTERN,Forest,260-district (Ghana 2019-2020 administrative),144.1,49.9,46.6,70.1,57.2,92.0,30.2,199.5,1,NS,-0.344,Not Significant,0.5244,Moderate,WHO GHO / DHIMS2 2018-2022,Ghana DHS 2014 (spatially disaggregated),Ghana DHS 2014 (spatially disaggregated),Ghana DHS 2014 / JMP,Ghana DHS 2014 / Census 2021,2022,v1.0 | April 2026
239,KWAHU EAST,EASTERN,Forest,260-district (Ghana 2019-2020 administrative),146.4,43.0,29.5,65.1,43.9,99.1,31.8,884.5,1,NS,-1.735,Not Significant,0.6409,High,WHO GHO / DHIMS2 2018-2022,Ghana DHS 2014 (spatially disaggregated),Ghana DHS 2014 (spatially disaggregated),Ghana DHS 2014 / JMP,Ghana DHS 2014 / Census 2021,2022,v1.0 | April 2026
240,KWAHU WEST,EASTERN,Forest,260-district (Ghana 2019-2020 administrative),157.6,43.3,27.7,68.6,46.8,87.7,26.1,101.7,1,NS,-1.49,Not Significant,0.6014,High,WHO GHO / DHIMS2 2018-2022,Ghana DHS 2014 (spatially disaggregated),Ghana DHS 2014 (spatially disaggregated),Ghana DHS 2014 / JMP,Ghana DHS 2014 / Census 2021,2022,v1.0 | April 2026
241,LOWER MANYA,EASTERN,Forest,260-district (Ghana 2019-2020 administrative),118.3,44.8,33.5,73.3,66.8,83.2,19.0,118.1,1,LH,-0.591,Not Significant,0.4974,Moderate,WHO GHO / DHIMS2 2018-2022,Ghana DHS 2014 (spatially disaggregated),Ghana DHS 2014 (spatially disaggregated),Ghana DHS 2014 / JMP,Ghana DHS 2014 / Census 2021,2022,v1.0 | April 2026
242,NSAWAM ADOAGYIRI,EASTERN,Forest,260-district (Ghana 2019-2020 administrative),164.5,52.1,32.3,74.9,49.0,95.4,34.6,44.6,1,NS,-3.322,Coldspot (99%),0.6227,High,WHO GHO / DHIMS2 2018-2022,Ghana DHS 2014 (spatially disaggregated),Ghana DHS 2014 (spatially disaggregated),Ghana DHS 2014 / JMP,Ghana DHS 2014 / Census 2021,2022,v1.0 | April 2026
243,AKWAPEM SOUTH,EASTERN,Forest,260-district (Ghana 2019-2020 administrative),151.8,43.1,50.8,72.5,54.5,91.1,27.4,112.8,1,NS,-3.436,Coldspot (99%),0.4642,Moderate,WHO GHO / DHIMS2 2018-2022,Ghana DHS 2014 (spatially disaggregated),Ghana DHS 2014 (spatially disaggregated),Ghana DHS 2014 / JMP,Ghana DHS 2014 / Census 2021,2022,v1.0 | April 2026
244,DENKYEMBOUR,EASTERN,Forest,260-district (Ghana 2019-2020 administrative),157.3,38.1,45.1,71.7,60.2,96.2,21.3,407.3,1,NS,-0.705,Not Significant,0.4585,Moderate,WHO GHO / DHIMS2 2018-2022,Ghana DHS 2014 (spatially disaggregated),Ghana DHS 2014 (spatially disaggregated),Ghana DHS 2014 / JMP,Ghana DHS 2014 / Census 2021,2022,v1.0 | April 2026
245,KWAEBIBIREM,EASTERN,Forest,260-district (Ghana 2019-2020 administrative),134.4,36.4,37.3,80.1,37.4,144.1,29.8,177.4,1,NS,-0.762,Not Significant,0.6215,High,WHO GHO / DHIMS2 2018-2022,Ghana DHS 2014 (spatially disaggregated),Ghana DHS 2014 (spatially disaggregated),Ghana DHS 2014 / JMP,Ghana DHS 2014 / Census 2021,2022,v1.0 | April 2026
246,KWAHU AFRAM PLAINS SOUTH,EASTERN,Forest,260-district (Ghana 2019-2020 administrative),147.2,42.0,46.3,75.8,56.2,98.3,26.0,131.5,1,NS,-0.891,Not Significant,0.4783,Moderate,WHO GHO / DHIMS2 2018-2022,Ghana DHS 2014 (spatially disaggregated),Ghana DHS 2014 (spatially disaggregated),Ghana DHS 2014 / JMP,Ghana DHS 2014 / Census 2021,2022,v1.0 | April 2026
247,KWAHU AFRAM PLAINS NORTH,EASTERN,Forest,260-district (Ghana 2019-2020 administrative),145.1,47.1,46.8,54.3,56.9,99.9,26.6,108.8,1,NS,0.222,Not Significant,0.5721,Moderate,WHO GHO / DHIMS2 2018-2022,Ghana DHS 2014 (spatially disaggregated),Ghana DHS 2014 (spatially disaggregated),Ghana DHS 2014 / JMP,Ghana DHS 2014 / Census 2021,2022,v1.0 | April 2026
248,SUHUM MUNICIPAL,EASTERN,Forest,260-district (Ghana 2019-2020 administrative),164.9,46.0,35.9,74.3,45.5,76.3,24.8,295.9,1,NS,-0.483,Not Significant,0.5332,Moderate,WHO GHO / DHIMS2 2018-2022,Ghana DHS 2014 (spatially disaggregated),Ghana DHS 2014 (spatially disaggregated),Ghana DHS 2014 / JMP,Ghana DHS 2014 / Census 2021,2022,v1.0 | April 2026
249,AYENSUANO,EASTERN,Forest,260-district (Ghana 2019-2020 administrative),162.3,43.4,47.9,75.0,47.8,103.5,29.0,271.4,1,NS,-0.831,Not Significant,0.5139,Moderate,WHO GHO / DHIMS2 2018-2022,Ghana DHS 2014 (spatially disaggregated),Ghana DHS 2014 (spatially disaggregated),Ghana DHS 2014 / JMP,Ghana DHS 2014 / Census 2021,2022,v1.0 | April 2026
250,ABUAKWA SOUTH,EASTERN,Forest,260-district (Ghana 2019-2020 administrative),165.8,44.5,44.9,78.3,52.1,83.8,26.2,81.8,1,NS,-0.684,Not Significant,0.4703,Moderate,WHO GHO / DHIMS2 2018-2022,Ghana DHS 2014 (spatially disaggregated),Ghana DHS 2014 (spatially disaggregated),Ghana DHS 2014 / JMP,Ghana DHS 2014 / Census 2021,2022,v1.0 | April 2026
251,UPPER WEST AKIM,EASTERN,Forest,260-district (Ghana 2019-2020 administrative),137.9,39.4,35.8,70.1,39.0,100.2,26.6,77.2,1,NS,-1.498,Not Significant,0.5813,Moderate,WHO GHO / DHIMS2 2018-2022,Ghana DHS 2014 (spatially disaggregated),Ghana DHS 2014 (spatially disaggregated),Ghana DHS 2014 / JMP,Ghana DHS 2014 / Census 2021,2022,v1.0 | April 2026
252,WEST AKIM,EASTERN,Forest,260-district (Ghana 2019-2020 administrative),157.9,45.9,29.2,67.3,46.9,82.9,29.1,127.1,1,NS,-0.597,Not Significant,0.6057,High,WHO GHO / DHIMS2 2018-2022,Ghana DHS 2014 (spatially disaggregated),Ghana DHS 2014 (spatially disaggregated),Ghana DHS 2014 / JMP,Ghana DHS 2014 / Census 2021,2022,v1.0 | April 2026
253,AKYEM MANSA,EASTERN,Forest,260-district (Ghana 2019-2020 administrative),144.0,28.3,47.2,64.5,52.7,101.2,30.7,52.1,0,NS,-1.209,Not Significant,0.4694,Moderate,WHO GHO / DHIMS2 2018-2022,Ghana DHS 2014 (spatially disaggregated),Ghana DHS 2014 (spatially disaggregated),Ghana DHS 2014 / JMP,Ghana DHS 2014 / Census 2021,2022,v1.0 | April 2026
254,ATIWA EAST,EASTERN,Forest,260-district (Ghana 2019-2020 administrative),102.7,41.4,56.5,79.3,53.8,89.6,29.1,68.1,1,NS,-0.744,Not Significant,0.4074,Moderate,WHO GHO / DHIMS2 2018-2022,Ghana DHS 2014 (spatially disaggregated),Ghana DHS 2014 (spatially disaggregated),Ghana DHS 2014 / JMP,Ghana DHS 2014 / Census 2021,2022,v1.0 | April 2026
255,NEW JUABEN SOUTH MUNICIPAL,EASTERN,Forest,260-district (Ghana 2019-2020 administrative),155.1,43.3,50.6,88.5,55.0,89.4,26.6,36.0,1,NS,-0.403,Not Significant,0.408,Moderate,WHO GHO / DHIMS2 2018-2022,Ghana DHS 2014 (spatially disaggregated),Ghana DHS 2014 (spatially disaggregated),Ghana DHS 2014 / JMP,Ghana DHS 2014 / Census 2021,2022,v1.0 | April 2026
256,BIRIM SOUTH,EASTERN,Forest,260-district (Ghana 2019-2020 administrative),137.6,37.8,37.9,72.8,46.5,113.8,26.6,147.3,1,NS,-0.461,Not Significant,0.5638,Moderate,WHO GHO / DHIMS2 2018-2022,Ghana DHS 2014 (spatially disaggregated),Ghana DHS 2014 (spatially disaggregated),Ghana DHS 2014 / JMP,Ghana DHS 2014 / Census 2021,2022,v1.0 | April 2026
257,ABUAKWA NORTH,EASTERN,Forest,260-district (Ghana 2019-2020 administrative),143.1,41.2,48.7,66.7,47.7,92.4,22.6,77.1,1,NS,-0.185,Not Significant,0.4948,Moderate,WHO GHO / DHIMS2 2018-2022,Ghana DHS 2014 (spatially disaggregated),Ghana DHS 2014 (spatially disaggregated),Ghana DHS 2014 / JMP,Ghana DHS 2014 / Census 2021,2022,v1.0 | April 2026
258,AKWAPEM NORTH,EASTERN,Forest,260-district (Ghana 2019-2020 administrative),140.9,45.5,44.2,73.1,58.3,94.9,27.8,136.6,1,NS,-1.348,Not Significant,0.5053,Moderate,WHO GHO / DHIMS2 2018-2022,Ghana DHS 2014 (spatially disaggregated),Ghana DHS 2014 (spatially disaggregated),Ghana DHS 2014 / JMP,Ghana DHS 2014 / Census 2021,2022,v1.0 | April 2026
259,FANTEAKWA SOUTH,EASTERN,Forest,260-district (Ghana 2019-2020 administrative),152.0,36.8,22.6,71.1,62.3,110.9,29.5,399.0,1,NS,-0.249,Not Significant,0.6037,High,WHO GHO / DHIMS2 2018-2022,Ghana DHS 2014 (spatially disaggregated),Ghana DHS 2014 (spatially disaggregated),Ghana DHS 2014 / JMP,Ghana DHS 2014 / Census 2021,2022,v1.0 | April 2026
260,BIRIM CENTRAL MUNICIPAL,EASTERN,Forest,260-district (Ghana 2019-2020 administrative),149.3,41.5,37.2,70.0,56.6,115.1,26.2,103.5,1,NS,-0.476,Not Significant,0.5721,Moderate,WHO GHO / DHIMS2 2018-2022,Ghana DHS 2014 (spatially disaggregated),Ghana DHS 2014 (spatially disaggregated),Ghana DHS 2014 / JMP,Ghana DHS 2014 / Census 2021,2022,v1.0 | April 2026
